1,0,0,Early Morning,0,1st quarter hour,T
2,0,0,Early Morning,1,1st quarter hour,T
3,0,0,Early Morning,2,1st quarter hour,T
4,0,0,Early Morning,3,1st quarter hour,T
5,0,0,Early Morning,4,1st quarter hour,T
6,0,0,Early Morning,5,1st quarter hour,T
7,0,0,Early Morning,6,1st quarter hour,T
8,0,0,Early Morning,7,1st quarter hour,T
9,0,0,Early Morning,8,1st quarter hour,T
10,0,0,Early Morning,9,1st quarter hour,T
11,0,0,Early Morning,10,1st quarter hour,T
12,0,0,Early Morning,11,1st quarter hour,T
13,0,0,Early Morning,12,1st quarter hour,T
14,0,0,Early Morning,13,1st quarter hour,T
15,0,0,Early Morning,14,1st quarter hour,T
16,0,0,Early Morning,15,2nd quarter hour,T
17,0,0,Early Morning,16,2nd quarter hour,T
18,0,0,Early Morning,17,2nd quarter hour,T
19,0,0,Early Morning,18,2nd quarter hour,T
20,0,0,Early Morning,19,2nd quarter hour,T
21,0,0,Early Morning,20,2nd quarter hour,T
22,0,0,Early Morning,21,2nd quarter hour,T
23,0,0,Early Morning,22,2nd quarter hour,T
24,0,0,Early Morning,23,2nd quarter hour,T
25,0,0,Early Morning,24,2nd quarter hour,T
26,0,0,Early Morning,25,2nd quarter hour,T
27,0,0,Early Morning,26,2nd quarter hour,T
28,0,0,Early Morning,27,2nd quarter hour,T
29,0,0,Early Morning,28,2nd quarter hour,T
30,0,0,Early Morning,29,2nd quarter hour,T
31,0,0,Early Morning,30,3rd quarter hour,T
32,0,0,Early Morning,31,3rd quarter hour,T
33,0,0,Early Morning,32,3rd quarter hour,T
34,0,0,Early Morning,33,3rd quarter hour,T
35,0,0,Early Morning,34,3rd quarter hour,T
36,0,0,Early Morning,35,3rd quarter hour,T
37,0,0,Early Morning,36,3rd quarter hour,T
38,0,0,Early Morning,37,3rd quarter hour,T
39,0,0,Early Morning,38,3rd quarter hour,T
40,0,0,Early Morning,39,3rd quarter hour,T
41,0,0,Early Morning,40,3rd quarter hour,T
42,0,0,Early Morning,41,3rd quarter hour,T
43,0,0,Early Morning,42,3rd quarter hour,T
44,0,0,Early Morning,43,3rd quarter hour,T
45,0,0,Early Morning,44,3rd quarter hour,T
46,0,0,Early Morning,45,4th quarter hour,T
47,0,0,Early Morning,46,4th quarter hour,T
48,0,0,Early Morning,47,4th quarter hour,T
49,0,0,Early Morning,48,4th quarter hour,T
50,0,0,Early Morning,49,4th quarter hour,T
51,0,0,Early Morning,50,4th quarter hour,T
52,0,0,Early Morning,51,4th quarter hour,T
53,0,0,Early Morning,52,4th quarter hour,T
54,0,0,Early Morning,53,4th quarter hour,T
55,0,0,Early Morning,54,4th quarter hour,T
56,0,0,Early Morning,55,4th quarter hour,T
57,0,0,Early Morning,56,4th quarter hour,T
58,0,0,Early Morning,57,4th quarter hour,T
59,0,0,Early Morning,58,4th quarter hour,T
60,0,0,Early Morning,59,4th quarter hour,T
61,1,0,Early Morning,0,1st quarter hour,T
62,1,0,Early Morning,1,1st quarter hour,T
63,1,0,Early Morning,2,1st quarter hour,T
64,1,0,Early Morning,3,1st quarter hour,T
65,1,0,Early Morning,4,1st quarter hour,T
66,1,0,Early Morning,5,1st quarter hour,T
67,1,0,Early Morning,6,1st quarter hour,T
68,1,0,Early Morning,7,1st quarter hour,T
69,1,0,Early Morning,8,1st quarter hour,T
70,1,0,Early Morning,9,1st quarter hour,T
71,1,0,Early Morning,10,1st quarter hour,T
72,1,0,Early Morning,11,1st quarter hour,T
73,1,0,Early Morning,12,1st quarter hour,T
74,1,0,Early Morning,13,1st quarter hour,T
75,1,0,Early Morning,14,1st quarter hour,T
76,1,0,Early Morning,15,2nd quarter hour,T
77,1,0,Early Morning,16,2nd quarter hour,T
78,1,0,Early Morning,17,2nd quarter hour,T
79,1,0,Early Morning,18,2nd quarter hour,T
80,1,0,Early Morning,19,2nd quarter hour,T
81,1,0,Early Morning,20,2nd quarter hour,T
82,1,0,Early Morning,21,2nd quarter hour,T
83,1,0,Early Morning,22,2nd quarter hour,T
84,1,0,Early Morning,23,2nd quarter hour,T
85,1,0,Early Morning,24,2nd quarter hour,T
86,1,0,Early Morning,25,2nd quarter hour,T
87,1,0,Early Morning,26,2nd quarter hour,T
88,1,0,Early Morning,27,2nd quarter hour,T
89,1,0,Early Morning,28,2nd quarter hour,T
90,1,0,Early Morning,29,2nd quarter hour,T
91,1,0,Early Morning,30,3rd quarter hour,T
92,1,0,Early Morning,31,3rd quarter hour,T
93,1,0,Early Morning,32,3rd quarter hour,T
94,1,0,Early Morning,33,3rd quarter hour,T
95,1,0,Early Morning,34,3rd quarter hour,T
96,1,0,Early Morning,35,3rd quarter hour,T
97,1,0,Early Morning,36,3rd quarter hour,T
98,1,0,Early Morning,37,3rd quarter hour,T
99,1,0,Early Morning,38,3rd quarter hour,T
100,1,0,Early Morning,39,3rd quarter hour,T
101,1,0,Early Morning,40,3rd quarter hour,T
102,1,0,Early Morning,41,3rd quarter hour,T
103,1,0,Early Morning,42,3rd quarter hour,T
104,1,0,Early Morning,43,3rd quarter hour,T
105,1,0,Early Morning,44,3rd quarter hour,T
106,1,0,Early Morning,45,4th quarter hour,T
107,1,0,Early Morning,46,4th quarter hour,T
108,1,0,Early Morning,47,4th quarter hour,T
109,1,0,Early Morning,48,4th quarter hour,T
110,1,0,Early Morning,49,4th quarter hour,T
111,1,0,Early Morning,50,4th quarter hour,T
112,1,0,Early Morning,51,4th quarter hour,T
113,1,0,Early Morning,52,4th quarter hour,T
114,1,0,Early Morning,53,4th quarter hour,T
115,1,0,Early Morning,54,4th quarter hour,T
116,1,0,Early Morning,55,4th quarter hour,T
117,1,0,Early Morning,56,4th quarter hour,T
118,1,0,Early Morning,57,4th quarter hour,T
119,1,0,Early Morning,58,4th quarter hour,T
120,1,0,Early Morning,59,4th quarter hour,T
121,2,0,Early Morning,0,1st quarter hour,T
122,2,0,Early Morning,1,1st quarter hour,T
123,2,0,Early Morning,2,1st quarter hour,T
124,2,0,Early Morning,3,1st quarter hour,T
125,2,0,Early Morning,4,1st quarter hour,T
126,2,0,Early Morning,5,1st quarter hour,T
127,2,0,Early Morning,6,1st quarter hour,T
128,2,0,Early Morning,7,1st quarter hour,T
129,2,0,Early Morning,8,1st quarter hour,T
130,2,0,Early Morning,9,1st quarter hour,T
131,2,0,Early Morning,10,1st quarter hour,T
132,2,0,Early Morning,11,1st quarter hour,T
133,2,0,Early Morning,12,1st quarter hour,T
134,2,0,Early Morning,13,1st quarter hour,T
135,2,0,Early Morning,14,1st quarter hour,T
136,2,0,Early Morning,15,2nd quarter hour,T
137,2,0,Early Morning,16,2nd quarter hour,T
138,2,0,Early Morning,17,2nd quarter hour,T
139,2,0,Early Morning,18,2nd quarter hour,T
140,2,0,Early Morning,19,2nd quarter hour,T
141,2,0,Early Morning,20,2nd quarter hour,T
142,2,0,Early Morning,21,2nd quarter hour,T
143,2,0,Early Morning,22,2nd quarter hour,T
144,2,0,Early Morning,23,2nd quarter hour,T
145,2,0,Early Morning,24,2nd quarter hour,T
146,2,0,Early Morning,25,2nd quarter hour,T
147,2,0,Early Morning,26,2nd quarter hour,T
148,2,0,Early Morning,27,2nd quarter hour,T
149,2,0,Early Morning,28,2nd quarter hour,T
150,2,0,Early Morning,29,2nd quarter hour,T
151,2,0,Early Morning,30,3rd quarter hour,T
152,2,0,Early Morning,31,3rd quarter hour,T
153,2,0,Early Morning,32,3rd quarter hour,T
154,2,0,Early Morning,33,3rd quarter hour,T
155,2,0,Early Morning,34,3rd quarter hour,T
156,2,0,Early Morning,35,3rd quarter hour,T
157,2,0,Early Morning,36,3rd quarter hour,T
158,2,0,Early Morning,37,3rd quarter hour,T
159,2,0,Early Morning,38,3rd quarter hour,T
160,2,0,Early Morning,39,3rd quarter hour,T
161,2,0,Early Morning,40,3rd quarter hour,T
162,2,0,Early Morning,41,3rd quarter hour,T
163,2,0,Early Morning,42,3rd quarter hour,T
164,2,0,Early Morning,43,3rd quarter hour,T
165,2,0,Early Morning,44,3rd quarter hour,T
166,2,0,Early Morning,45,4th quarter hour,T
167,2,0,Early Morning,46,4th quarter hour,T
168,2,0,Early Morning,47,4th quarter hour,T
169,2,0,Early Morning,48,4th quarter hour,T
170,2,0,Early Morning,49,4th quarter hour,T
171,2,0,Early Morning,50,4th quarter hour,T
172,2,0,Early Morning,51,4th quarter hour,T
173,2,0,Early Morning,52,4th quarter hour,T
174,2,0,Early Morning,53,4th quarter hour,T
175,2,0,Early Morning,54,4th quarter hour,T
176,2,0,Early Morning,55,4th quarter hour,T
177,2,0,Early Morning,56,4th quarter hour,T
178,2,0,Early Morning,57,4th quarter hour,T
179,2,0,Early Morning,58,4th quarter hour,T
180,2,0,Early Morning,59,4th quarter hour,T
181,3,0,Early Morning,0,1st quarter hour,T
182,3,0,Early Morning,1,1st quarter hour,T
183,3,0,Early Morning,2,1st quarter hour,T
184,3,0,Early Morning,3,1st quarter hour,T
185,3,0,Early Morning,4,1st quarter hour,T
186,3,0,Early Morning,5,1st quarter hour,T
187,3,0,Early Morning,6,1st quarter hour,T
188,3,0,Early Morning,7,1st quarter hour,T
189,3,0,Early Morning,8,1st quarter hour,T
190,3,0,Early Morning,9,1st quarter hour,T
191,3,0,Early Morning,10,1st quarter hour,T
192,3,0,Early Morning,11,1st quarter hour,T
193,3,0,Early Morning,12,1st quarter hour,T
194,3,0,Early Morning,13,1st quarter hour,T
195,3,0,Early Morning,14,1st quarter hour,T
196,3,0,Early Morning,15,2nd quarter hour,T
197,3,0,Early Morning,16,2nd quarter hour,T
198,3,0,Early Morning,17,2nd quarter hour,T
199,3,0,Early Morning,18,2nd quarter hour,T
200,3,0,Early Morning,19,2nd quarter hour,T
201,3,0,Early Morning,20,2nd quarter hour,T
202,3,0,Early Morning,21,2nd quarter hour,T
203,3,0,Early Morning,22,2nd quarter hour,T
204,3,0,Early Morning,23,2nd quarter hour,T
205,3,0,Early Morning,24,2nd quarter hour,T
206,3,0,Early Morning,25,2nd quarter hour,T
207,3,0,Early Morning,26,2nd quarter hour,T
208,3,0,Early Morning,27,2nd quarter hour,T
209,3,0,Early Morning,28,2nd quarter hour,T
210,3,0,Early Morning,29,2nd quarter hour,T
211,3,0,Early Morning,30,3rd quarter hour,T
212,3,0,Early Morning,31,3rd quarter hour,T
213,3,0,Early Morning,32,3rd quarter hour,T
214,3,0,Early Morning,33,3rd quarter hour,T
215,3,0,Early Morning,34,3rd quarter hour,T
216,3,0,Early Morning,35,3rd quarter hour,T
217,3,0,Early Morning,36,3rd quarter hour,T
218,3,0,Early Morning,37,3rd quarter hour,T
219,3,0,Early Morning,38,3rd quarter hour,T
220,3,0,Early Morning,39,3rd quarter hour,T
221,3,0,Early Morning,40,3rd quarter hour,T
222,3,0,Early Morning,41,3rd quarter hour,T
223,3,0,Early Morning,42,3rd quarter hour,T
224,3,0,Early Morning,43,3rd quarter hour,T
225,3,0,Early Morning,44,3rd quarter hour,T
226,3,0,Early Morning,45,4th quarter hour,T
227,3,0,Early Morning,46,4th quarter hour,T
228,3,0,Early Morning,47,4th quarter hour,T
229,3,0,Early Morning,48,4th quarter hour,T
230,3,0,Early Morning,49,4th quarter hour,T
231,3,0,Early Morning,50,4th quarter hour,T
232,3,0,Early Morning,51,4th quarter hour,T
233,3,0,Early Morning,52,4th quarter hour,T
234,3,0,Early Morning,53,4th quarter hour,T
235,3,0,Early Morning,54,4th quarter hour,T
236,3,0,Early Morning,55,4th quarter hour,T
237,3,0,Early Morning,56,4th quarter hour,T
238,3,0,Early Morning,57,4th quarter hour,T
239,3,0,Early Morning,58,4th quarter hour,T
240,3,0,Early Morning,59,4th quarter hour,T
241,4,0,Early Morning,0,1st quarter hour,T
242,4,0,Early Morning,1,1st quarter hour,T
243,4,0,Early Morning,2,1st quarter hour,T
244,4,0,Early Morning,3,1st quarter hour,T
245,4,0,Early Morning,4,1st quarter hour,T
246,4,0,Early Morning,5,1st quarter hour,T
247,4,0,Early Morning,6,1st quarter hour,T
248,4,0,Early Morning,7,1st quarter hour,T
249,4,0,Early Morning,8,1st quarter hour,T
250,4,0,Early Morning,9,1st quarter hour,T
251,4,0,Early Morning,10,1st quarter hour,T
252,4,0,Early Morning,11,1st quarter hour,T
253,4,0,Early Morning,12,1st quarter hour,T
254,4,0,Early Morning,13,1st quarter hour,T
255,4,0,Early Morning,14,1st quarter hour,T
256,4,0,Early Morning,15,2nd quarter hour,T
257,4,0,Early Morning,16,2nd quarter hour,T
258,4,0,Early Morning,17,2nd quarter hour,T
259,4,0,Early Morning,18,2nd quarter hour,T
260,4,0,Early Morning,19,2nd quarter hour,T
261,4,0,Early Morning,20,2nd quarter hour,T
262,4,0,Early Morning,21,2nd quarter hour,T
263,4,0,Early Morning,22,2nd quarter hour,T
264,4,0,Early Morning,23,2nd quarter hour,T
265,4,0,Early Morning,24,2nd quarter hour,T
266,4,0,Early Morning,25,2nd quarter hour,T
267,4,0,Early Morning,26,2nd quarter hour,T
268,4,0,Early Morning,27,2nd quarter hour,T
269,4,0,Early Morning,28,2nd quarter hour,T
270,4,0,Early Morning,29,2nd quarter hour,T
271,4,0,Early Morning,30,3rd quarter hour,T
272,4,0,Early Morning,31,3rd quarter hour,T
273,4,0,Early Morning,32,3rd quarter hour,T
274,4,0,Early Morning,33,3rd quarter hour,T
275,4,0,Early Morning,34,3rd quarter hour,T
276,4,0,Early Morning,35,3rd quarter hour,T
277,4,0,Early Morning,36,3rd quarter hour,T
278,4,0,Early Morning,37,3rd quarter hour,T
279,4,0,Early Morning,38,3rd quarter hour,T
280,4,0,Early Morning,39,3rd quarter hour,T
281,4,0,Early Morning,40,3rd quarter hour,T
282,4,0,Early Morning,41,3rd quarter hour,T
283,4,0,Early Morning,42,3rd quarter hour,T
284,4,0,Early Morning,43,3rd quarter hour,T
285,4,0,Early Morning,44,3rd quarter hour,T
286,4,0,Early Morning,45,4th quarter hour,T
287,4,0,Early Morning,46,4th quarter hour,T
288,4,0,Early Morning,47,4th quarter hour,T
289,4,0,Early Morning,48,4th quarter hour,T
290,4,0,Early Morning,49,4th quarter hour,T
291,4,0,Early Morning,50,4th quarter hour,T
292,4,0,Early Morning,51,4th quarter hour,T
293,4,0,Early Morning,52,4th quarter hour,T
294,4,0,Early Morning,53,4th quarter hour,T
295,4,0,Early Morning,54,4th quarter hour,T
296,4,0,Early Morning,55,4th quarter hour,T
297,4,0,Early Morning,56,4th quarter hour,T
298,4,0,Early Morning,57,4th quarter hour,T
299,4,0,Early Morning,58,4th quarter hour,T
300,4,0,Early Morning,59,4th quarter hour,T
301,5,0,Early Morning,0,1st quarter hour,T
302,5,0,Early Morning,1,1st quarter hour,T
303,5,0,Early Morning,2,1st quarter hour,T
304,5,0,Early Morning,3,1st quarter hour,T
305,5,0,Early Morning,4,1st quarter hour,T
306,5,0,Early Morning,5,1st quarter hour,T
307,5,0,Early Morning,6,1st quarter hour,T
308,5,0,Early Morning,7,1st quarter hour,T
309,5,0,Early Morning,8,1st quarter hour,T
310,5,0,Early Morning,9,1st quarter hour,T
311,5,0,Early Morning,10,1st quarter hour,T
312,5,0,Early Morning,11,1st quarter hour,T
313,5,0,Early Morning,12,1st quarter hour,T
314,5,0,Early Morning,13,1st quarter hour,T
315,5,0,Early Morning,14,1st quarter hour,T
316,5,0,Early Morning,15,2nd quarter hour,T
317,5,0,Early Morning,16,2nd quarter hour,T
318,5,0,Early Morning,17,2nd quarter hour,T
319,5,0,Early Morning,18,2nd quarter hour,T
320,5,0,Early Morning,19,2nd quarter hour,T
321,5,0,Early Morning,20,2nd quarter hour,T
322,5,0,Early Morning,21,2nd quarter hour,T
323,5,0,Early Morning,22,2nd quarter hour,T
324,5,0,Early Morning,23,2nd quarter hour,T
325,5,0,Early Morning,24,2nd quarter hour,T
326,5,0,Early Morning,25,2nd quarter hour,T
327,5,0,Early Morning,26,2nd quarter hour,T
328,5,0,Early Morning,27,2nd quarter hour,T
329,5,0,Early Morning,28,2nd quarter hour,T
330,5,0,Early Morning,29,2nd quarter hour,T
331,5,0,Early Morning,30,3rd quarter hour,T
332,5,0,Early Morning,31,3rd quarter hour,T
333,5,0,Early Morning,32,3rd quarter hour,T
334,5,0,Early Morning,33,3rd quarter hour,T
335,5,0,Early Morning,34,3rd quarter hour,T
336,5,0,Early Morning,35,3rd quarter hour,T
337,5,0,Early Morning,36,3rd quarter hour,T
338,5,0,Early Morning,37,3rd quarter hour,T
339,5,0,Early Morning,38,3rd quarter hour,T
340,5,0,Early Morning,39,3rd quarter hour,T
341,5,0,Early Morning,40,3rd quarter hour,T
342,5,0,Early Morning,41,3rd quarter hour,T
343,5,0,Early Morning,42,3rd quarter hour,T
344,5,0,Early Morning,43,3rd quarter hour,T
345,5,0,Early Morning,44,3rd quarter hour,T
346,5,0,Early Morning,45,4th quarter hour,T
347,5,0,Early Morning,46,4th quarter hour,T
348,5,0,Early Morning,47,4th quarter hour,T
349,5,0,Early Morning,48,4th quarter hour,T
350,5,0,Early Morning,49,4th quarter hour,T
351,5,0,Early Morning,50,4th quarter hour,T
352,5,0,Early Morning,51,4th quarter hour,T
353,5,0,Early Morning,52,4th quarter hour,T
354,5,0,Early Morning,53,4th quarter hour,T
355,5,0,Early Morning,54,4th quarter hour,T
356,5,0,Early Morning,55,4th quarter hour,T
357,5,0,Early Morning,56,4th quarter hour,T
358,5,0,Early Morning,57,4th quarter hour,T
359,5,0,Early Morning,58,4th quarter hour,T
360,5,0,Early Morning,59,4th quarter hour,T
361,6,0,Early Morning,0,1st quarter hour,T
362,6,0,Early Morning,1,1st quarter hour,T
363,6,0,Early Morning,2,1st quarter hour,T
364,6,0,Early Morning,3,1st quarter hour,T
365,6,0,Early Morning,4,1st quarter hour,T
366,6,0,Early Morning,5,1st quarter hour,T
367,6,0,Early Morning,6,1st quarter hour,T
368,6,0,Early Morning,7,1st quarter hour,T
369,6,0,Early Morning,8,1st quarter hour,T
370,6,0,Early Morning,9,1st quarter hour,T
371,6,0,Early Morning,10,1st quarter hour,T
372,6,0,Early Morning,11,1st quarter hour,T
373,6,0,Early Morning,12,1st quarter hour,T
374,6,0,Early Morning,13,1st quarter hour,T
375,6,0,Early Morning,14,1st quarter hour,T
376,6,0,Early Morning,15,2nd quarter hour,T
377,6,0,Early Morning,16,2nd quarter hour,T
378,6,0,Early Morning,17,2nd quarter hour,T
379,6,0,Early Morning,18,2nd quarter hour,T
380,6,0,Early Morning,19,2nd quarter hour,T
381,6,0,Early Morning,20,2nd quarter hour,T
382,6,0,Early Morning,21,2nd quarter hour,T
383,6,0,Early Morning,22,2nd quarter hour,T
384,6,0,Early Morning,23,2nd quarter hour,T
385,6,0,Early Morning,24,2nd quarter hour,T
386,6,0,Early Morning,25,2nd quarter hour,T
387,6,0,Early Morning,26,2nd quarter hour,T
388,6,0,Early Morning,27,2nd quarter hour,T
389,6,0,Early Morning,28,2nd quarter hour,T
390,6,0,Early Morning,29,2nd quarter hour,T
391,6,0,Early Morning,30,3rd quarter hour,T
392,6,0,Early Morning,31,3rd quarter hour,T
393,6,0,Early Morning,32,3rd quarter hour,T
394,6,0,Early Morning,33,3rd quarter hour,T
395,6,0,Early Morning,34,3rd quarter hour,T
396,6,0,Early Morning,35,3rd quarter hour,T
397,6,0,Early Morning,36,3rd quarter hour,T
398,6,0,Early Morning,37,3rd quarter hour,T
399,6,0,Early Morning,38,3rd quarter hour,T
400,6,0,Early Morning,39,3rd quarter hour,T
401,6,0,Early Morning,40,3rd quarter hour,T
402,6,0,Early Morning,41,3rd quarter hour,T
403,6,0,Early Morning,42,3rd quarter hour,T
404,6,0,Early Morning,43,3rd quarter hour,T
405,6,0,Early Morning,44,3rd quarter hour,T
406,6,0,Early Morning,45,4th quarter hour,T
407,6,0,Early Morning,46,4th quarter hour,T
408,6,0,Early Morning,47,4th quarter hour,T
409,6,0,Early Morning,48,4th quarter hour,T
410,6,0,Early Morning,49,4th quarter hour,T
411,6,0,Early Morning,50,4th quarter hour,T
412,6,0,Early Morning,51,4th quarter hour,T
413,6,0,Early Morning,52,4th quarter hour,T
414,6,0,Early Morning,53,4th quarter hour,T
415,6,0,Early Morning,54,4th quarter hour,T
416,6,0,Early Morning,55,4th quarter hour,T
417,6,0,Early Morning,56,4th quarter hour,T
418,6,0,Early Morning,57,4th quarter hour,T
419,6,0,Early Morning,58,4th quarter hour,T
420,6,0,Early Morning,59,4th quarter hour,T
421,7,0,Early Morning,0,1st quarter hour,T
422,7,0,Early Morning,1,1st quarter hour,T
423,7,0,Early Morning,2,1st quarter hour,T
424,7,0,Early Morning,3,1st quarter hour,T
425,7,0,Early Morning,4,1st quarter hour,T
426,7,0,Early Morning,5,1st quarter hour,T
427,7,0,Early Morning,6,1st quarter hour,T
428,7,0,Early Morning,7,1st quarter hour,T
429,7,0,Early Morning,8,1st quarter hour,T
430,7,0,Early Morning,9,1st quarter hour,T
431,7,0,Early Morning,10,1st quarter hour,T
432,7,0,Early Morning,11,1st quarter hour,T
433,7,0,Early Morning,12,1st quarter hour,T
434,7,0,Early Morning,13,1st quarter hour,T
435,7,0,Early Morning,14,1st quarter hour,T
436,7,0,Early Morning,15,2nd quarter hour,T
437,7,0,Early Morning,16,2nd quarter hour,T
438,7,0,Early Morning,17,2nd quarter hour,T
439,7,0,Early Morning,18,2nd quarter hour,T
440,7,0,Early Morning,19,2nd quarter hour,T
441,7,0,Early Morning,20,2nd quarter hour,T
442,7,0,Early Morning,21,2nd quarter hour,T
443,7,0,Early Morning,22,2nd quarter hour,T
444,7,0,Early Morning,23,2nd quarter hour,T
445,7,0,Early Morning,24,2nd quarter hour,T
446,7,0,Early Morning,25,2nd quarter hour,T
447,7,0,Early Morning,26,2nd quarter hour,T
448,7,0,Early Morning,27,2nd quarter hour,T
449,7,0,Early Morning,28,2nd quarter hour,T
450,7,0,Early Morning,29,2nd quarter hour,T
451,7,0,Early Morning,30,3rd quarter hour,T
452,7,0,Early Morning,31,3rd quarter hour,T
453,7,0,Early Morning,32,3rd quarter hour,T
454,7,0,Early Morning,33,3rd quarter hour,T
455,7,0,Early Morning,34,3rd quarter hour,T
456,7,0,Early Morning,35,3rd quarter hour,T
457,7,0,Early Morning,36,3rd quarter hour,T
458,7,0,Early Morning,37,3rd quarter hour,T
459,7,0,Early Morning,38,3rd quarter hour,T
460,7,0,Early Morning,39,3rd quarter hour,T
461,7,0,Early Morning,40,3rd quarter hour,T
462,7,0,Early Morning,41,3rd quarter hour,T
463,7,0,Early Morning,42,3rd quarter hour,T
464,7,0,Early Morning,43,3rd quarter hour,T
465,7,0,Early Morning,44,3rd quarter hour,T
466,7,0,Early Morning,45,4th quarter hour,T
467,7,0,Early Morning,46,4th quarter hour,T
468,7,0,Early Morning,47,4th quarter hour,T
469,7,0,Early Morning,48,4th quarter hour,T
470,7,0,Early Morning,49,4th quarter hour,T
471,7,0,Early Morning,50,4th quarter hour,T
472,7,0,Early Morning,51,4th quarter hour,T
473,7,0,Early Morning,52,4th quarter hour,T
474,7,0,Early Morning,53,4th quarter hour,T
475,7,0,Early Morning,54,4th quarter hour,T
476,7,0,Early Morning,55,4th quarter hour,T
477,7,0,Early Morning,56,4th quarter hour,T
478,7,0,Early Morning,57,4th quarter hour,T
479,7,0,Early Morning,58,4th quarter hour,T
480,7,0,Early Morning,59,4th quarter hour,T
481,8,0,Morning,0,1st quarter hour,T
482,8,0,Morning,1,1st quarter hour,T
483,8,0,Morning,2,1st quarter hour,T
484,8,0,Morning,3,1st quarter hour,T
485,8,0,Morning,4,1st quarter hour,T
486,8,0,Morning,5,1st quarter hour,T
487,8,0,Morning,6,1st quarter hour,T
488,8,0,Morning,7,1st quarter hour,T
489,8,0,Morning,8,1st quarter hour,T
490,8,0,Morning,9,1st quarter hour,T
491,8,0,Morning,10,1st quarter hour,T
492,8,0,Morning,11,1st quarter hour,T
493,8,0,Morning,12,1st quarter hour,T
494,8,0,Morning,13,1st quarter hour,T
495,8,0,Morning,14,1st quarter hour,T
496,8,0,Morning,15,2nd quarter hour,T
497,8,0,Morning,16,2nd quarter hour,T
498,8,0,Morning,17,2nd quarter hour,T
499,8,0,Morning,18,2nd quarter hour,T
500,8,0,Morning,19,2nd quarter hour,T
501,8,0,Morning,20,2nd quarter hour,T
502,8,0,Morning,21,2nd quarter hour,T
503,8,0,Morning,22,2nd quarter hour,T
504,8,0,Morning,23,2nd quarter hour,T
505,8,0,Morning,24,2nd quarter hour,T
506,8,0,Morning,25,2nd quarter hour,T
507,8,0,Morning,26,2nd quarter hour,T
508,8,0,Morning,27,2nd quarter hour,T
509,8,0,Morning,28,2nd quarter hour,T
510,8,0,Morning,29,2nd quarter hour,T
511,8,0,Morning,30,3rd quarter hour,T
512,8,0,Morning,31,3rd quarter hour,T
513,8,0,Morning,32,3rd quarter hour,T
514,8,0,Morning,33,3rd quarter hour,T
515,8,0,Morning,34,3rd quarter hour,T
516,8,0,Morning,35,3rd quarter hour,T
517,8,0,Morning,36,3rd quarter hour,T
518,8,0,Morning,37,3rd quarter hour,T
519,8,0,Morning,38,3rd quarter hour,T
520,8,0,Morning,39,3rd quarter hour,T
521,8,0,Morning,40,3rd quarter hour,T
522,8,0,Morning,41,3rd quarter hour,T
523,8,0,Morning,42,3rd quarter hour,T
524,8,0,Morning,43,3rd quarter hour,T
525,8,0,Morning,44,3rd quarter hour,T
526,8,0,Morning,45,4th quarter hour,T
527,8,0,Morning,46,4th quarter hour,T
528,8,0,Morning,47,4th quarter hour,T
529,8,0,Morning,48,4th quarter hour,T
530,8,0,Morning,49,4th quarter hour,T
531,8,0,Morning,50,4th quarter hour,T
532,8,0,Morning,51,4th quarter hour,T
533,8,0,Morning,52,4th quarter hour,T
534,8,0,Morning,53,4th quarter hour,T
535,8,0,Morning,54,4th quarter hour,T
536,8,0,Morning,55,4th quarter hour,T
537,8,0,Morning,56,4th quarter hour,T
538,8,0,Morning,57,4th quarter hour,T
539,8,0,Morning,58,4th quarter hour,T
540,8,0,Morning,59,4th quarter hour,T
541,9,0,Morning,0,1st quarter hour,T
542,9,0,Morning,1,1st quarter hour,T
543,9,0,Morning,2,1st quarter hour,T
544,9,0,Morning,3,1st quarter hour,T
545,9,0,Morning,4,1st quarter hour,T
546,9,0,Morning,5,1st quarter hour,T
547,9,0,Morning,6,1st quarter hour,T
548,9,0,Morning,7,1st quarter hour,T
549,9,0,Morning,8,1st quarter hour,T
550,9,0,Morning,9,1st quarter hour,T
551,9,0,Morning,10,1st quarter hour,T
552,9,0,Morning,11,1st quarter hour,T
553,9,0,Morning,12,1st quarter hour,T
554,9,0,Morning,13,1st quarter hour,T
555,9,0,Morning,14,1st quarter hour,T
556,9,0,Morning,15,2nd quarter hour,T
557,9,0,Morning,16,2nd quarter hour,T
558,9,0,Morning,17,2nd quarter hour,T
559,9,0,Morning,18,2nd quarter hour,T
560,9,0,Morning,19,2nd quarter hour,T
561,9,0,Morning,20,2nd quarter hour,T
562,9,0,Morning,21,2nd quarter hour,T
563,9,0,Morning,22,2nd quarter hour,T
564,9,0,Morning,23,2nd quarter hour,T
565,9,0,Morning,24,2nd quarter hour,T
566,9,0,Morning,25,2nd quarter hour,T
567,9,0,Morning,26,2nd quarter hour,T
568,9,0,Morning,27,2nd quarter hour,T
569,9,0,Morning,28,2nd quarter hour,T
570,9,0,Morning,29,2nd quarter hour,T
571,9,0,Morning,30,3rd quarter hour,T
572,9,0,Morning,31,3rd quarter hour,T
573,9,0,Morning,32,3rd quarter hour,T
574,9,0,Morning,33,3rd quarter hour,T
575,9,0,Morning,34,3rd quarter hour,T
576,9,0,Morning,35,3rd quarter hour,T
577,9,0,Morning,36,3rd quarter hour,T
578,9,0,Morning,37,3rd quarter hour,T
579,9,0,Morning,38,3rd quarter hour,T
580,9,0,Morning,39,3rd quarter hour,T
581,9,0,Morning,40,3rd quarter hour,T
582,9,0,Morning,41,3rd quarter hour,T
583,9,0,Morning,42,3rd quarter hour,T
584,9,0,Morning,43,3rd quarter hour,T
585,9,0,Morning,44,3rd quarter hour,T
586,9,0,Morning,45,4th quarter hour,T
587,9,0,Morning,46,4th quarter hour,T
588,9,0,Morning,47,4th quarter hour,T
589,9,0,Morning,48,4th quarter hour,T
590,9,0,Morning,49,4th quarter hour,T
591,9,0,Morning,50,4th quarter hour,T
592,9,0,Morning,51,4th quarter hour,T
593,9,0,Morning,52,4th quarter hour,T
594,9,0,Morning,53,4th quarter hour,T
595,9,0,Morning,54,4th quarter hour,T
596,9,0,Morning,55,4th quarter hour,T
597,9,0,Morning,56,4th quarter hour,T
598,9,0,Morning,57,4th quarter hour,T
599,9,0,Morning,58,4th quarter hour,T
600,9,0,Morning,59,4th quarter hour,T
601,10,0,Morning,0,1st quarter hour,T
602,10,0,Morning,1,1st quarter hour,T
603,10,0,Morning,2,1st quarter hour,T
604,10,0,Morning,3,1st quarter hour,T
605,10,0,Morning,4,1st quarter hour,T
606,10,0,Morning,5,1st quarter hour,T
607,10,0,Morning,6,1st quarter hour,T
608,10,0,Morning,7,1st quarter hour,T
609,10,0,Morning,8,1st quarter hour,T
610,10,0,Morning,9,1st quarter hour,T
611,10,0,Morning,10,1st quarter hour,T
612,10,0,Morning,11,1st quarter hour,T
613,10,0,Morning,12,1st quarter hour,T
614,10,0,Morning,13,1st quarter hour,T
615,10,0,Morning,14,1st quarter hour,T
616,10,0,Morning,15,2nd quarter hour,T
617,10,0,Morning,16,2nd quarter hour,T
618,10,0,Morning,17,2nd quarter hour,T
619,10,0,Morning,18,2nd quarter hour,T
620,10,0,Morning,19,2nd quarter hour,T
621,10,0,Morning,20,2nd quarter hour,T
622,10,0,Morning,21,2nd quarter hour,T
623,10,0,Morning,22,2nd quarter hour,T
624,10,0,Morning,23,2nd quarter hour,T
625,10,0,Morning,24,2nd quarter hour,T
626,10,0,Morning,25,2nd quarter hour,T
627,10,0,Morning,26,2nd quarter hour,T
628,10,0,Morning,27,2nd quarter hour,T
629,10,0,Morning,28,2nd quarter hour,T
630,10,0,Morning,29,2nd quarter hour,T
631,10,0,Morning,30,3rd quarter hour,T
632,10,0,Morning,31,3rd quarter hour,T
633,10,0,Morning,32,3rd quarter hour,T
634,10,0,Morning,33,3rd quarter hour,T
635,10,0,Morning,34,3rd quarter hour,T
636,10,0,Morning,35,3rd quarter hour,T
637,10,0,Morning,36,3rd quarter hour,T
638,10,0,Morning,37,3rd quarter hour,T
639,10,0,Morning,38,3rd quarter hour,T
640,10,0,Morning,39,3rd quarter hour,T
641,10,0,Morning,40,3rd quarter hour,T
642,10,0,Morning,41,3rd quarter hour,T
643,10,0,Morning,42,3rd quarter hour,T
644,10,0,Morning,43,3rd quarter hour,T
645,10,0,Morning,44,3rd quarter hour,T
646,10,0,Morning,45,4th quarter hour,T
647,10,0,Morning,46,4th quarter hour,T
648,10,0,Morning,47,4th quarter hour,T
649,10,0,Morning,48,4th quarter hour,T
650,10,0,Morning,49,4th quarter hour,T
651,10,0,Morning,50,4th quarter hour,T
652,10,0,Morning,51,4th quarter hour,T
653,10,0,Morning,52,4th quarter hour,T
654,10,0,Morning,53,4th quarter hour,T
655,10,0,Morning,54,4th quarter hour,T
656,10,0,Morning,55,4th quarter hour,T
657,10,0,Morning,56,4th quarter hour,T
658,10,0,Morning,57,4th quarter hour,T
659,10,0,Morning,58,4th quarter hour,T
660,10,0,Morning,59,4th quarter hour,T
661,11,0,Morning,0,1st quarter hour,T
662,11,0,Morning,1,1st quarter hour,T
663,11,0,Morning,2,1st quarter hour,T
664,11,0,Morning,3,1st quarter hour,T
665,11,0,Morning,4,1st quarter hour,T
666,11,0,Morning,5,1st quarter hour,T
667,11,0,Morning,6,1st quarter hour,T
668,11,0,Morning,7,1st quarter hour,T
669,11,0,Morning,8,1st quarter hour,T
670,11,0,Morning,9,1st quarter hour,T
671,11,0,Morning,10,1st quarter hour,T
672,11,0,Morning,11,1st quarter hour,T
673,11,0,Morning,12,1st quarter hour,T
674,11,0,Morning,13,1st quarter hour,T
675,11,0,Morning,14,1st quarter hour,T
676,11,0,Morning,15,2nd quarter hour,T
677,11,0,Morning,16,2nd quarter hour,T
678,11,0,Morning,17,2nd quarter hour,T
679,11,0,Morning,18,2nd quarter hour,T
680,11,0,Morning,19,2nd quarter hour,T
681,11,0,Morning,20,2nd quarter hour,T
682,11,0,Morning,21,2nd quarter hour,T
683,11,0,Morning,22,2nd quarter hour,T
684,11,0,Morning,23,2nd quarter hour,T
685,11,0,Morning,24,2nd quarter hour,T
686,11,0,Morning,25,2nd quarter hour,T
687,11,0,Morning,26,2nd quarter hour,T
688,11,0,Morning,27,2nd quarter hour,T
689,11,0,Morning,28,2nd quarter hour,T
690,11,0,Morning,29,2nd quarter hour,T
691,11,0,Morning,30,3rd quarter hour,T
692,11,0,Morning,31,3rd quarter hour,T
693,11,0,Morning,32,3rd quarter hour,T
694,11,0,Morning,33,3rd quarter hour,T
695,11,0,Morning,34,3rd quarter hour,T
696,11,0,Morning,35,3rd quarter hour,T
697,11,0,Morning,36,3rd quarter hour,T
698,11,0,Morning,37,3rd quarter hour,T
699,11,0,Morning,38,3rd quarter hour,T
700,11,0,Morning,39,3rd quarter hour,T
701,11,0,Morning,40,3rd quarter hour,T
702,11,0,Morning,41,3rd quarter hour,T
703,11,0,Morning,42,3rd quarter hour,T
704,11,0,Morning,43,3rd quarter hour,T
705,11,0,Morning,44,3rd quarter hour,T
706,11,0,Morning,45,4th quarter hour,T
707,11,0,Morning,46,4th quarter hour,T
708,11,0,Morning,47,4th quarter hour,T
709,11,0,Morning,48,4th quarter hour,T
710,11,0,Morning,49,4th quarter hour,T
711,11,0,Morning,50,4th quarter hour,T
712,11,0,Morning,51,4th quarter hour,T
713,11,0,Morning,52,4th quarter hour,T
714,11,0,Morning,53,4th quarter hour,T
715,11,0,Morning,54,4th quarter hour,T
716,11,0,Morning,55,4th quarter hour,T
717,11,0,Morning,56,4th quarter hour,T
718,11,0,Morning,57,4th quarter hour,T
719,11,0,Morning,58,4th quarter hour,T
720,11,0,Morning,59,4th quarter hour,T
721,12,1,Afternoon,0,1st quarter hour,T
722,12,1,Afternoon,1,1st quarter hour,T
723,12,1,Afternoon,2,1st quarter hour,T
724,12,1,Afternoon,3,1st quarter hour,T
725,12,1,Afternoon,4,1st quarter hour,T
726,12,1,Afternoon,5,1st quarter hour,T
727,12,1,Afternoon,6,1st quarter hour,T
728,12,1,Afternoon,7,1st quarter hour,T
729,12,1,Afternoon,8,1st quarter hour,T
730,12,1,Afternoon,9,1st quarter hour,T
731,12,1,Afternoon,10,1st quarter hour,T
732,12,1,Afternoon,11,1st quarter hour,T
733,12,1,Afternoon,12,1st quarter hour,T
734,12,1,Afternoon,13,1st quarter hour,T
735,12,1,Afternoon,14,1st quarter hour,T
736,12,1,Afternoon,15,2nd quarter hour,T
737,12,1,Afternoon,16,2nd quarter hour,T
738,12,1,Afternoon,17,2nd quarter hour,T
739,12,1,Afternoon,18,2nd quarter hour,T
740,12,1,Afternoon,19,2nd quarter hour,T
741,12,1,Afternoon,20,2nd quarter hour,T
742,12,1,Afternoon,21,2nd quarter hour,T
743,12,1,Afternoon,22,2nd quarter hour,T
744,12,1,Afternoon,23,2nd quarter hour,T
745,12,1,Afternoon,24,2nd quarter hour,T
746,12,1,Afternoon,25,2nd quarter hour,T
747,12,1,Afternoon,26,2nd quarter hour,T
748,12,1,Afternoon,27,2nd quarter hour,T
749,12,1,Afternoon,28,2nd quarter hour,T
750,12,1,Afternoon,29,2nd quarter hour,T
751,12,1,Afternoon,30,3rd quarter hour,T
752,12,1,Afternoon,31,3rd quarter hour,T
753,12,1,Afternoon,32,3rd quarter hour,T
754,12,1,Afternoon,33,3rd quarter hour,T
755,12,1,Afternoon,34,3rd quarter hour,T
756,12,1,Afternoon,35,3rd quarter hour,T
757,12,1,Afternoon,36,3rd quarter hour,T
758,12,1,Afternoon,37,3rd quarter hour,T
759,12,1,Afternoon,38,3rd quarter hour,T
760,12,1,Afternoon,39,3rd quarter hour,T
761,12,1,Afternoon,40,3rd quarter hour,T
762,12,1,Afternoon,41,3rd quarter hour,T
763,12,1,Afternoon,42,3rd quarter hour,T
764,12,1,Afternoon,43,3rd quarter hour,T
765,12,1,Afternoon,44,3rd quarter hour,T
766,12,1,Afternoon,45,4th quarter hour,T
767,12,1,Afternoon,46,4th quarter hour,T
768,12,1,Afternoon,47,4th quarter hour,T
769,12,1,Afternoon,48,4th quarter hour,T
770,12,1,Afternoon,49,4th quarter hour,T
771,12,1,Afternoon,50,4th quarter hour,T
772,12,1,Afternoon,51,4th quarter hour,T
773,12,1,Afternoon,52,4th quarter hour,T
774,12,1,Afternoon,53,4th quarter hour,T
775,12,1,Afternoon,54,4th quarter hour,T
776,12,1,Afternoon,55,4th quarter hour,T
777,12,1,Afternoon,56,4th quarter hour,T
778,12,1,Afternoon,57,4th quarter hour,T
779,12,1,Afternoon,58,4th quarter hour,T
780,12,1,Afternoon,59,4th quarter hour,T
781,13,1,Afternoon,0,1st quarter hour,T
782,13,1,Afternoon,1,1st quarter hour,T
783,13,1,Afternoon,2,1st quarter hour,T
784,13,1,Afternoon,3,1st quarter hour,T
785,13,1,Afternoon,4,1st quarter hour,T
786,13,1,Afternoon,5,1st quarter hour,T
787,13,1,Afternoon,6,1st quarter hour,T
788,13,1,Afternoon,7,1st quarter hour,T
789,13,1,Afternoon,8,1st quarter hour,T
790,13,1,Afternoon,9,1st quarter hour,T
791,13,1,Afternoon,10,1st quarter hour,T
792,13,1,Afternoon,11,1st quarter hour,T
793,13,1,Afternoon,12,1st quarter hour,T
794,13,1,Afternoon,13,1st quarter hour,T
795,13,1,Afternoon,14,1st quarter hour,T
796,13,1,Afternoon,15,2nd quarter hour,T
797,13,1,Afternoon,16,2nd quarter hour,T
798,13,1,Afternoon,17,2nd quarter hour,T
799,13,1,Afternoon,18,2nd quarter hour,T
800,13,1,Afternoon,19,2nd quarter hour,T
801,13,1,Afternoon,20,2nd quarter hour,T
802,13,1,Afternoon,21,2nd quarter hour,T
803,13,1,Afternoon,22,2nd quarter hour,T
804,13,1,Afternoon,23,2nd quarter hour,T
805,13,1,Afternoon,24,2nd quarter hour,T
806,13,1,Afternoon,25,2nd quarter hour,T
807,13,1,Afternoon,26,2nd quarter hour,T
808,13,1,Afternoon,27,2nd quarter hour,T
809,13,1,Afternoon,28,2nd quarter hour,T
810,13,1,Afternoon,29,2nd quarter hour,T
811,13,1,Afternoon,30,3rd quarter hour,T
812,13,1,Afternoon,31,3rd quarter hour,T
813,13,1,Afternoon,32,3rd quarter hour,T
814,13,1,Afternoon,33,3rd quarter hour,T
815,13,1,Afternoon,34,3rd quarter hour,T
816,13,1,Afternoon,35,3rd quarter hour,T
817,13,1,Afternoon,36,3rd quarter hour,T
818,13,1,Afternoon,37,3rd quarter hour,T
819,13,1,Afternoon,38,3rd quarter hour,T
820,13,1,Afternoon,39,3rd quarter hour,T
821,13,1,Afternoon,40,3rd quarter hour,T
822,13,1,Afternoon,41,3rd quarter hour,T
823,13,1,Afternoon,42,3rd quarter hour,T
824,13,1,Afternoon,43,3rd quarter hour,T
825,13,1,Afternoon,44,3rd quarter hour,T
826,13,1,Afternoon,45,4th quarter hour,T
827,13,1,Afternoon,46,4th quarter hour,T
828,13,1,Afternoon,47,4th quarter hour,T
829,13,1,Afternoon,48,4th quarter hour,T
830,13,1,Afternoon,49,4th quarter hour,T
831,13,1,Afternoon,50,4th quarter hour,T
832,13,1,Afternoon,51,4th quarter hour,T
833,13,1,Afternoon,52,4th quarter hour,T
834,13,1,Afternoon,53,4th quarter hour,T
835,13,1,Afternoon,54,4th quarter hour,T
836,13,1,Afternoon,55,4th quarter hour,T
837,13,1,Afternoon,56,4th quarter hour,T
838,13,1,Afternoon,57,4th quarter hour,T
839,13,1,Afternoon,58,4th quarter hour,T
840,13,1,Afternoon,59,4th quarter hour,T
841,14,1,Afternoon,0,1st quarter hour,T
842,14,1,Afternoon,1,1st quarter hour,T
843,14,1,Afternoon,2,1st quarter hour,T
844,14,1,Afternoon,3,1st quarter hour,T
845,14,1,Afternoon,4,1st quarter hour,T
846,14,1,Afternoon,5,1st quarter hour,T
847,14,1,Afternoon,6,1st quarter hour,T
848,14,1,Afternoon,7,1st quarter hour,T
849,14,1,Afternoon,8,1st quarter hour,T
850,14,1,Afternoon,9,1st quarter hour,T
851,14,1,Afternoon,10,1st quarter hour,T
852,14,1,Afternoon,11,1st quarter hour,T
853,14,1,Afternoon,12,1st quarter hour,T
854,14,1,Afternoon,13,1st quarter hour,T
855,14,1,Afternoon,14,1st quarter hour,T
856,14,1,Afternoon,15,2nd quarter hour,T
857,14,1,Afternoon,16,2nd quarter hour,T
858,14,1,Afternoon,17,2nd quarter hour,T
859,14,1,Afternoon,18,2nd quarter hour,T
860,14,1,Afternoon,19,2nd quarter hour,T
861,14,1,Afternoon,20,2nd quarter hour,T
862,14,1,Afternoon,21,2nd quarter hour,T
863,14,1,Afternoon,22,2nd quarter hour,T
864,14,1,Afternoon,23,2nd quarter hour,T
865,14,1,Afternoon,24,2nd quarter hour,T
866,14,1,Afternoon,25,2nd quarter hour,T
867,14,1,Afternoon,26,2nd quarter hour,T
868,14,1,Afternoon,27,2nd quarter hour,T
869,14,1,Afternoon,28,2nd quarter hour,T
870,14,1,Afternoon,29,2nd quarter hour,T
871,14,1,Afternoon,30,3rd quarter hour,T
872,14,1,Afternoon,31,3rd quarter hour,T
873,14,1,Afternoon,32,3rd quarter hour,T
874,14,1,Afternoon,33,3rd quarter hour,T
875,14,1,Afternoon,34,3rd quarter hour,T
876,14,1,Afternoon,35,3rd quarter hour,T
877,14,1,Afternoon,36,3rd quarter hour,T
878,14,1,Afternoon,37,3rd quarter hour,T
879,14,1,Afternoon,38,3rd quarter hour,T
880,14,1,Afternoon,39,3rd quarter hour,T
881,14,1,Afternoon,40,3rd quarter hour,T
882,14,1,Afternoon,41,3rd quarter hour,T
883,14,1,Afternoon,42,3rd quarter hour,T
884,14,1,Afternoon,43,3rd quarter hour,T
885,14,1,Afternoon,44,3rd quarter hour,T
886,14,1,Afternoon,45,4th quarter hour,T
887,14,1,Afternoon,46,4th quarter hour,T
888,14,1,Afternoon,47,4th quarter hour,T
889,14,1,Afternoon,48,4th quarter hour,T
890,14,1,Afternoon,49,4th quarter hour,T
891,14,1,Afternoon,50,4th quarter hour,T
892,14,1,Afternoon,51,4th quarter hour,T
893,14,1,Afternoon,52,4th quarter hour,T
894,14,1,Afternoon,53,4th quarter hour,T
895,14,1,Afternoon,54,4th quarter hour,T
896,14,1,Afternoon,55,4th quarter hour,T
897,14,1,Afternoon,56,4th quarter hour,T
898,14,1,Afternoon,57,4th quarter hour,T
899,14,1,Afternoon,58,4th quarter hour,T
900,14,1,Afternoon,59,4th quarter hour,T
901,15,1,Afternoon,0,1st quarter hour,T
902,15,1,Afternoon,1,1st quarter hour,T
903,15,1,Afternoon,2,1st quarter hour,T
904,15,1,Afternoon,3,1st quarter hour,T
905,15,1,Afternoon,4,1st quarter hour,T
906,15,1,Afternoon,5,1st quarter hour,T
907,15,1,Afternoon,6,1st quarter hour,T
908,15,1,Afternoon,7,1st quarter hour,T
909,15,1,Afternoon,8,1st quarter hour,T
910,15,1,Afternoon,9,1st quarter hour,T
911,15,1,Afternoon,10,1st quarter hour,T
912,15,1,Afternoon,11,1st quarter hour,T
913,15,1,Afternoon,12,1st quarter hour,T
914,15,1,Afternoon,13,1st quarter hour,T
915,15,1,Afternoon,14,1st quarter hour,T
916,15,1,Afternoon,15,2nd quarter hour,T
917,15,1,Afternoon,16,2nd quarter hour,T
918,15,1,Afternoon,17,2nd quarter hour,T
919,15,1,Afternoon,18,2nd quarter hour,T
920,15,1,Afternoon,19,2nd quarter hour,T
921,15,1,Afternoon,20,2nd quarter hour,T
922,15,1,Afternoon,21,2nd quarter hour,T
923,15,1,Afternoon,22,2nd quarter hour,T
924,15,1,Afternoon,23,2nd quarter hour,T
925,15,1,Afternoon,24,2nd quarter hour,T
926,15,1,Afternoon,25,2nd quarter hour,T
927,15,1,Afternoon,26,2nd quarter hour,T
928,15,1,Afternoon,27,2nd quarter hour,T
929,15,1,Afternoon,28,2nd quarter hour,T
930,15,1,Afternoon,29,2nd quarter hour,T
931,15,1,Afternoon,30,3rd quarter hour,T
932,15,1,Afternoon,31,3rd quarter hour,T
933,15,1,Afternoon,32,3rd quarter hour,T
934,15,1,Afternoon,33,3rd quarter hour,T
935,15,1,Afternoon,34,3rd quarter hour,T
936,15,1,Afternoon,35,3rd quarter hour,T
937,15,1,Afternoon,36,3rd quarter hour,T
938,15,1,Afternoon,37,3rd quarter hour,T
939,15,1,Afternoon,38,3rd quarter hour,T
940,15,1,Afternoon,39,3rd quarter hour,T
941,15,1,Afternoon,40,3rd quarter hour,T
942,15,1,Afternoon,41,3rd quarter hour,T
943,15,1,Afternoon,42,3rd quarter hour,T
944,15,1,Afternoon,43,3rd quarter hour,T
945,15,1,Afternoon,44,3rd quarter hour,T
946,15,1,Afternoon,45,4th quarter hour,T
947,15,1,Afternoon,46,4th quarter hour,T
948,15,1,Afternoon,47,4th quarter hour,T
949,15,1,Afternoon,48,4th quarter hour,T
950,15,1,Afternoon,49,4th quarter hour,T
951,15,1,Afternoon,50,4th quarter hour,T
952,15,1,Afternoon,51,4th quarter hour,T
953,15,1,Afternoon,52,4th quarter hour,T
954,15,1,Afternoon,53,4th quarter hour,T
955,15,1,Afternoon,54,4th quarter hour,T
956,15,1,Afternoon,55,4th quarter hour,T
957,15,1,Afternoon,56,4th quarter hour,T
958,15,1,Afternoon,57,4th quarter hour,T
959,15,1,Afternoon,58,4th quarter hour,T
960,15,1,Afternoon,59,4th quarter hour,T
961,16,1,Evening,0,1st quarter hour,T
962,16,1,Evening,1,1st quarter hour,T
963,16,1,Evening,2,1st quarter hour,T
964,16,1,Evening,3,1st quarter hour,T
965,16,1,Evening,4,1st quarter hour,T
966,16,1,Evening,5,1st quarter hour,T
967,16,1,Evening,6,1st quarter hour,T
968,16,1,Evening,7,1st quarter hour,T
969,16,1,Evening,8,1st quarter hour,T
970,16,1,Evening,9,1st quarter hour,T
971,16,1,Evening,10,1st quarter hour,T
972,16,1,Evening,11,1st quarter hour,T
973,16,1,Evening,12,1st quarter hour,T
974,16,1,Evening,13,1st quarter hour,T
975,16,1,Evening,14,1st quarter hour,T
976,16,1,Evening,15,2nd quarter hour,T
977,16,1,Evening,16,2nd quarter hour,T
978,16,1,Evening,17,2nd quarter hour,T
979,16,1,Evening,18,2nd quarter hour,T
980,16,1,Evening,19,2nd quarter hour,T
981,16,1,Evening,20,2nd quarter hour,T
982,16,1,Evening,21,2nd quarter hour,T
983,16,1,Evening,22,2nd quarter hour,T
984,16,1,Evening,23,2nd quarter hour,T
985,16,1,Evening,24,2nd quarter hour,T
986,16,1,Evening,25,2nd quarter hour,T
987,16,1,Evening,26,2nd quarter hour,T
988,16,1,Evening,27,2nd quarter hour,T
989,16,1,Evening,28,2nd quarter hour,T
990,16,1,Evening,29,2nd quarter hour,T
991,16,1,Evening,30,3rd quarter hour,T
992,16,1,Evening,31,3rd quarter hour,T
993,16,1,Evening,32,3rd quarter hour,T
994,16,1,Evening,33,3rd quarter hour,T
995,16,1,Evening,34,3rd quarter hour,T
996,16,1,Evening,35,3rd quarter hour,T
997,16,1,Evening,36,3rd quarter hour,T
998,16,1,Evening,37,3rd quarter hour,T
999,16,1,Evening,38,3rd quarter hour,T
1000,16,1,Evening,39,3rd quarter hour,T
1001,16,1,Evening,40,3rd quarter hour,T
1002,16,1,Evening,41,3rd quarter hour,T
1003,16,1,Evening,42,3rd quarter hour,T
1004,16,1,Evening,43,3rd quarter hour,T
1005,16,1,Evening,44,3rd quarter hour,T
1006,16,1,Evening,45,4th quarter hour,T
1007,16,1,Evening,46,4th quarter hour,T
1008,16,1,Evening,47,4th quarter hour,T
1009,16,1,Evening,48,4th quarter hour,T
1010,16,1,Evening,49,4th quarter hour,T
1011,16,1,Evening,50,4th quarter hour,T
1012,16,1,Evening,51,4th quarter hour,T
1013,16,1,Evening,52,4th quarter hour,T
1014,16,1,Evening,53,4th quarter hour,T
1015,16,1,Evening,54,4th quarter hour,T
1016,16,1,Evening,55,4th quarter hour,T
1017,16,1,Evening,56,4th quarter hour,T
1018,16,1,Evening,57,4th quarter hour,T
1019,16,1,Evening,58,4th quarter hour,T
1020,16,1,Evening,59,4th quarter hour,T
1021,17,1,Evening,0,1st quarter hour,T
1022,17,1,Evening,1,1st quarter hour,T
1023,17,1,Evening,2,1st quarter hour,T
1024,17,1,Evening,3,1st quarter hour,T
1025,17,1,Evening,4,1st quarter hour,T
1026,17,1,Evening,5,1st quarter hour,T
1027,17,1,Evening,6,1st quarter hour,T
1028,17,1,Evening,7,1st quarter hour,T
1029,17,1,Evening,8,1st quarter hour,T
1030,17,1,Evening,9,1st quarter hour,T
1031,17,1,Evening,10,1st quarter hour,T
1032,17,1,Evening,11,1st quarter hour,T
1033,17,1,Evening,12,1st quarter hour,T
1034,17,1,Evening,13,1st quarter hour,T
1035,17,1,Evening,14,1st quarter hour,T
1036,17,1,Evening,15,2nd quarter hour,T
1037,17,1,Evening,16,2nd quarter hour,T
1038,17,1,Evening,17,2nd quarter hour,T
1039,17,1,Evening,18,2nd quarter hour,T
1040,17,1,Evening,19,2nd quarter hour,T
1041,17,1,Evening,20,2nd quarter hour,T
1042,17,1,Evening,21,2nd quarter hour,T
1043,17,1,Evening,22,2nd quarter hour,T
1044,17,1,Evening,23,2nd quarter hour,T
1045,17,1,Evening,24,2nd quarter hour,T
1046,17,1,Evening,25,2nd quarter hour,T
1047,17,1,Evening,26,2nd quarter hour,T
1048,17,1,Evening,27,2nd quarter hour,T
1049,17,1,Evening,28,2nd quarter hour,T
1050,17,1,Evening,29,2nd quarter hour,T
1051,17,1,Evening,30,3rd quarter hour,T
1052,17,1,Evening,31,3rd quarter hour,T
1053,17,1,Evening,32,3rd quarter hour,T
1054,17,1,Evening,33,3rd quarter hour,T
1055,17,1,Evening,34,3rd quarter hour,T
1056,17,1,Evening,35,3rd quarter hour,T
1057,17,1,Evening,36,3rd quarter hour,T
1058,17,1,Evening,37,3rd quarter hour,T
1059,17,1,Evening,38,3rd quarter hour,T
1060,17,1,Evening,39,3rd quarter hour,T
1061,17,1,Evening,40,3rd quarter hour,T
1062,17,1,Evening,41,3rd quarter hour,T
1063,17,1,Evening,42,3rd quarter hour,T
1064,17,1,Evening,43,3rd quarter hour,T
1065,17,1,Evening,44,3rd quarter hour,T
1066,17,1,Evening,45,4th quarter hour,T
1067,17,1,Evening,46,4th quarter hour,T
1068,17,1,Evening,47,4th quarter hour,T
1069,17,1,Evening,48,4th quarter hour,T
1070,17,1,Evening,49,4th quarter hour,T
1071,17,1,Evening,50,4th quarter hour,T
1072,17,1,Evening,51,4th quarter hour,T
1073,17,1,Evening,52,4th quarter hour,T
1074,17,1,Evening,53,4th quarter hour,T
1075,17,1,Evening,54,4th quarter hour,T
1076,17,1,Evening,55,4th quarter hour,T
1077,17,1,Evening,56,4th quarter hour,T
1078,17,1,Evening,57,4th quarter hour,T
1079,17,1,Evening,58,4th quarter hour,T
1080,17,1,Evening,59,4th quarter hour,T
1081,18,1,Evening,0,1st quarter hour,T
1082,18,1,Evening,1,1st quarter hour,T
1083,18,1,Evening,2,1st quarter hour,T
1084,18,1,Evening,3,1st quarter hour,T
1085,18,1,Evening,4,1st quarter hour,T
1086,18,1,Evening,5,1st quarter hour,T
1087,18,1,Evening,6,1st quarter hour,T
1088,18,1,Evening,7,1st quarter hour,T
1089,18,1,Evening,8,1st quarter hour,T
1090,18,1,Evening,9,1st quarter hour,T
1091,18,1,Evening,10,1st quarter hour,T
1092,18,1,Evening,11,1st quarter hour,T
1093,18,1,Evening,12,1st quarter hour,T
1094,18,1,Evening,13,1st quarter hour,T
1095,18,1,Evening,14,1st quarter hour,T
1096,18,1,Evening,15,2nd quarter hour,T
1097,18,1,Evening,16,2nd quarter hour,T
1098,18,1,Evening,17,2nd quarter hour,T
1099,18,1,Evening,18,2nd quarter hour,T
1100,18,1,Evening,19,2nd quarter hour,T
1101,18,1,Evening,20,2nd quarter hour,T
1102,18,1,Evening,21,2nd quarter hour,T
1103,18,1,Evening,22,2nd quarter hour,T
1104,18,1,Evening,23,2nd quarter hour,T
1105,18,1,Evening,24,2nd quarter hour,T
1106,18,1,Evening,25,2nd quarter hour,T
1107,18,1,Evening,26,2nd quarter hour,T
1108,18,1,Evening,27,2nd quarter hour,T
1109,18,1,Evening,28,2nd quarter hour,T
1110,18,1,Evening,29,2nd quarter hour,T
1111,18,1,Evening,30,3rd quarter hour,T
1112,18,1,Evening,31,3rd quarter hour,T
1113,18,1,Evening,32,3rd quarter hour,T
1114,18,1,Evening,33,3rd quarter hour,T
1115,18,1,Evening,34,3rd quarter hour,T
1116,18,1,Evening,35,3rd quarter hour,T
1117,18,1,Evening,36,3rd quarter hour,T
1118,18,1,Evening,37,3rd quarter hour,T
1119,18,1,Evening,38,3rd quarter hour,T
1120,18,1,Evening,39,3rd quarter hour,T
1121,18,1,Evening,40,3rd quarter hour,T
1122,18,1,Evening,41,3rd quarter hour,T
1123,18,1,Evening,42,3rd quarter hour,T
1124,18,1,Evening,43,3rd quarter hour,T
1125,18,1,Evening,44,3rd quarter hour,T
1126,18,1,Evening,45,4th quarter hour,T
1127,18,1,Evening,46,4th quarter hour,T
1128,18,1,Evening,47,4th quarter hour,T
1129,18,1,Evening,48,4th quarter hour,T
1130,18,1,Evening,49,4th quarter hour,T
1131,18,1,Evening,50,4th quarter hour,T
1132,18,1,Evening,51,4th quarter hour,T
1133,18,1,Evening,52,4th quarter hour,T
1134,18,1,Evening,53,4th quarter hour,T
1135,18,1,Evening,54,4th quarter hour,T
1136,18,1,Evening,55,4th quarter hour,T
1137,18,1,Evening,56,4th quarter hour,T
1138,18,1,Evening,57,4th quarter hour,T
1139,18,1,Evening,58,4th quarter hour,T
1140,18,1,Evening,59,4th quarter hour,T
1141,19,1,Evening,0,1st quarter hour,T
1142,19,1,Evening,1,1st quarter hour,T
1143,19,1,Evening,2,1st quarter hour,T
1144,19,1,Evening,3,1st quarter hour,T
1145,19,1,Evening,4,1st quarter hour,T
1146,19,1,Evening,5,1st quarter hour,T
1147,19,1,Evening,6,1st quarter hour,T
1148,19,1,Evening,7,1st quarter hour,T
1149,19,1,Evening,8,1st quarter hour,T
1150,19,1,Evening,9,1st quarter hour,T
1151,19,1,Evening,10,1st quarter hour,T
1152,19,1,Evening,11,1st quarter hour,T
1153,19,1,Evening,12,1st quarter hour,T
1154,19,1,Evening,13,1st quarter hour,T
1155,19,1,Evening,14,1st quarter hour,T
1156,19,1,Evening,15,2nd quarter hour,T
1157,19,1,Evening,16,2nd quarter hour,T
1158,19,1,Evening,17,2nd quarter hour,T
1159,19,1,Evening,18,2nd quarter hour,T
1160,19,1,Evening,19,2nd quarter hour,T
1161,19,1,Evening,20,2nd quarter hour,T
1162,19,1,Evening,21,2nd quarter hour,T
1163,19,1,Evening,22,2nd quarter hour,T
1164,19,1,Evening,23,2nd quarter hour,T
1165,19,1,Evening,24,2nd quarter hour,T
1166,19,1,Evening,25,2nd quarter hour,T
1167,19,1,Evening,26,2nd quarter hour,T
1168,19,1,Evening,27,2nd quarter hour,T
1169,19,1,Evening,28,2nd quarter hour,T
1170,19,1,Evening,29,2nd quarter hour,T
1171,19,1,Evening,30,3rd quarter hour,T
1172,19,1,Evening,31,3rd quarter hour,T
1173,19,1,Evening,32,3rd quarter hour,T
1174,19,1,Evening,33,3rd quarter hour,T
1175,19,1,Evening,34,3rd quarter hour,T
1176,19,1,Evening,35,3rd quarter hour,T
1177,19,1,Evening,36,3rd quarter hour,T
1178,19,1,Evening,37,3rd quarter hour,T
1179,19,1,Evening,38,3rd quarter hour,T
1180,19,1,Evening,39,3rd quarter hour,T
1181,19,1,Evening,40,3rd quarter hour,T
1182,19,1,Evening,41,3rd quarter hour,T
1183,19,1,Evening,42,3rd quarter hour,T
1184,19,1,Evening,43,3rd quarter hour,T
1185,19,1,Evening,44,3rd quarter hour,T
1186,19,1,Evening,45,4th quarter hour,T
1187,19,1,Evening,46,4th quarter hour,T
1188,19,1,Evening,47,4th quarter hour,T
1189,19,1,Evening,48,4th quarter hour,T
1190,19,1,Evening,49,4th quarter hour,T
1191,19,1,Evening,50,4th quarter hour,T
1192,19,1,Evening,51,4th quarter hour,T
1193,19,1,Evening,52,4th quarter hour,T
1194,19,1,Evening,53,4th quarter hour,T
1195,19,1,Evening,54,4th quarter hour,T
1196,19,1,Evening,55,4th quarter hour,T
1197,19,1,Evening,56,4th quarter hour,T
1198,19,1,Evening,57,4th quarter hour,T
1199,19,1,Evening,58,4th quarter hour,T
1200,19,1,Evening,59,4th quarter hour,T
1201,20,1,Night,0,1st quarter hour,T
1202,20,1,Night,1,1st quarter hour,T
1203,20,1,Night,2,1st quarter hour,T
1204,20,1,Night,3,1st quarter hour,T
1205,20,1,Night,4,1st quarter hour,T
1206,20,1,Night,5,1st quarter hour,T
1207,20,1,Night,6,1st quarter hour,T
1208,20,1,Night,7,1st quarter hour,T
1209,20,1,Night,8,1st quarter hour,T
1210,20,1,Night,9,1st quarter hour,T
1211,20,1,Night,10,1st quarter hour,T
1212,20,1,Night,11,1st quarter hour,T
1213,20,1,Night,12,1st quarter hour,T
1214,20,1,Night,13,1st quarter hour,T
1215,20,1,Night,14,1st quarter hour,T
1216,20,1,Night,15,2nd quarter hour,T
1217,20,1,Night,16,2nd quarter hour,T
1218,20,1,Night,17,2nd quarter hour,T
1219,20,1,Night,18,2nd quarter hour,T
1220,20,1,Night,19,2nd quarter hour,T
1221,20,1,Night,20,2nd quarter hour,T
1222,20,1,Night,21,2nd quarter hour,T
1223,20,1,Night,22,2nd quarter hour,T
1224,20,1,Night,23,2nd quarter hour,T
1225,20,1,Night,24,2nd quarter hour,T
1226,20,1,Night,25,2nd quarter hour,T
1227,20,1,Night,26,2nd quarter hour,T
1228,20,1,Night,27,2nd quarter hour,T
1229,20,1,Night,28,2nd quarter hour,T
1230,20,1,Night,29,2nd quarter hour,T
1231,20,1,Night,30,3rd quarter hour,T
1232,20,1,Night,31,3rd quarter hour,T
1233,20,1,Night,32,3rd quarter hour,T
1234,20,1,Night,33,3rd quarter hour,T
1235,20,1,Night,34,3rd quarter hour,T
1236,20,1,Night,35,3rd quarter hour,T
1237,20,1,Night,36,3rd quarter hour,T
1238,20,1,Night,37,3rd quarter hour,T
1239,20,1,Night,38,3rd quarter hour,T
1240,20,1,Night,39,3rd quarter hour,T
1241,20,1,Night,40,3rd quarter hour,T
1242,20,1,Night,41,3rd quarter hour,T
1243,20,1,Night,42,3rd quarter hour,T
1244,20,1,Night,43,3rd quarter hour,T
1245,20,1,Night,44,3rd quarter hour,T
1246,20,1,Night,45,4th quarter hour,T
1247,20,1,Night,46,4th quarter hour,T
1248,20,1,Night,47,4th quarter hour,T
1249,20,1,Night,48,4th quarter hour,T
1250,20,1,Night,49,4th quarter hour,T
1251,20,1,Night,50,4th quarter hour,T
1252,20,1,Night,51,4th quarter hour,T
1253,20,1,Night,52,4th quarter hour,T
1254,20,1,Night,53,4th quarter hour,T
1255,20,1,Night,54,4th quarter hour,T
1256,20,1,Night,55,4th quarter hour,T
1257,20,1,Night,56,4th quarter hour,T
1258,20,1,Night,57,4th quarter hour,T
1259,20,1,Night,58,4th quarter hour,T
1260,20,1,Night,59,4th quarter hour,T
1261,21,1,Night,0,1st quarter hour,T
1262,21,1,Night,1,1st quarter hour,T
1263,21,1,Night,2,1st quarter hour,T
1264,21,1,Night,3,1st quarter hour,T
1265,21,1,Night,4,1st quarter hour,T
1266,21,1,Night,5,1st quarter hour,T
1267,21,1,Night,6,1st quarter hour,T
1268,21,1,Night,7,1st quarter hour,T
1269,21,1,Night,8,1st quarter hour,T
1270,21,1,Night,9,1st quarter hour,T
1271,21,1,Night,10,1st quarter hour,T
1272,21,1,Night,11,1st quarter hour,T
1273,21,1,Night,12,1st quarter hour,T
1274,21,1,Night,13,1st quarter hour,T
1275,21,1,Night,14,1st quarter hour,T
1276,21,1,Night,15,2nd quarter hour,T
1277,21,1,Night,16,2nd quarter hour,T
1278,21,1,Night,17,2nd quarter hour,T
1279,21,1,Night,18,2nd quarter hour,T
1280,21,1,Night,19,2nd quarter hour,T
1281,21,1,Night,20,2nd quarter hour,T
1282,21,1,Night,21,2nd quarter hour,T
1283,21,1,Night,22,2nd quarter hour,T
1284,21,1,Night,23,2nd quarter hour,T
1285,21,1,Night,24,2nd quarter hour,T
1286,21,1,Night,25,2nd quarter hour,T
1287,21,1,Night,26,2nd quarter hour,T
1288,21,1,Night,27,2nd quarter hour,T
1289,21,1,Night,28,2nd quarter hour,T
1290,21,1,Night,29,2nd quarter hour,T
1291,21,1,Night,30,3rd quarter hour,T
1292,21,1,Night,31,3rd quarter hour,T
1293,21,1,Night,32,3rd quarter hour,T
1294,21,1,Night,33,3rd quarter hour,T
1295,21,1,Night,34,3rd quarter hour,T
1296,21,1,Night,35,3rd quarter hour,T
1297,21,1,Night,36,3rd quarter hour,T
1298,21,1,Night,37,3rd quarter hour,T
1299,21,1,Night,38,3rd quarter hour,T
1300,21,1,Night,39,3rd quarter hour,T
1301,21,1,Night,40,3rd quarter hour,T
1302,21,1,Night,41,3rd quarter hour,T
1303,21,1,Night,42,3rd quarter hour,T
1304,21,1,Night,43,3rd quarter hour,T
1305,21,1,Night,44,3rd quarter hour,T
1306,21,1,Night,45,4th quarter hour,T
1307,21,1,Night,46,4th quarter hour,T
1308,21,1,Night,47,4th quarter hour,T
1309,21,1,Night,48,4th quarter hour,T
1310,21,1,Night,49,4th quarter hour,T
1311,21,1,Night,50,4th quarter hour,T
1312,21,1,Night,51,4th quarter hour,T
1313,21,1,Night,52,4th quarter hour,T
1314,21,1,Night,53,4th quarter hour,T
1315,21,1,Night,54,4th quarter hour,T
1316,21,1,Night,55,4th quarter hour,T
1317,21,1,Night,56,4th quarter hour,T
1318,21,1,Night,57,4th quarter hour,T
1319,21,1,Night,58,4th quarter hour,T
1320,21,1,Night,59,4th quarter hour,T
1321,22,1,Night,0,1st quarter hour,T
1322,22,1,Night,1,1st quarter hour,T
1323,22,1,Night,2,1st quarter hour,T
1324,22,1,Night,3,1st quarter hour,T
1325,22,1,Night,4,1st quarter hour,T
1326,22,1,Night,5,1st quarter hour,T
1327,22,1,Night,6,1st quarter hour,T
1328,22,1,Night,7,1st quarter hour,T
1329,22,1,Night,8,1st quarter hour,T
1330,22,1,Night,9,1st quarter hour,T
1331,22,1,Night,10,1st quarter hour,T
1332,22,1,Night,11,1st quarter hour,T
1333,22,1,Night,12,1st quarter hour,T
1334,22,1,Night,13,1st quarter hour,T
1335,22,1,Night,14,1st quarter hour,T
1336,22,1,Night,15,2nd quarter hour,T
1337,22,1,Night,16,2nd quarter hour,T
1338,22,1,Night,17,2nd quarter hour,T
1339,22,1,Night,18,2nd quarter hour,T
1340,22,1,Night,19,2nd quarter hour,T
1341,22,1,Night,20,2nd quarter hour,T
1342,22,1,Night,21,2nd quarter hour,T
1343,22,1,Night,22,2nd quarter hour,T
1344,22,1,Night,23,2nd quarter hour,T
1345,22,1,Night,24,2nd quarter hour,T
1346,22,1,Night,25,2nd quarter hour,T
1347,22,1,Night,26,2nd quarter hour,T
1348,22,1,Night,27,2nd quarter hour,T
1349,22,1,Night,28,2nd quarter hour,T
1350,22,1,Night,29,2nd quarter hour,T
1351,22,1,Night,30,3rd quarter hour,T
1352,22,1,Night,31,3rd quarter hour,T
1353,22,1,Night,32,3rd quarter hour,T
1354,22,1,Night,33,3rd quarter hour,T
1355,22,1,Night,34,3rd quarter hour,T
1356,22,1,Night,35,3rd quarter hour,T
1357,22,1,Night,36,3rd quarter hour,T
1358,22,1,Night,37,3rd quarter hour,T
1359,22,1,Night,38,3rd quarter hour,T
1360,22,1,Night,39,3rd quarter hour,T
1361,22,1,Night,40,3rd quarter hour,T
1362,22,1,Night,41,3rd quarter hour,T
1363,22,1,Night,42,3rd quarter hour,T
1364,22,1,Night,43,3rd quarter hour,T
1365,22,1,Night,44,3rd quarter hour,T
1366,22,1,Night,45,4th quarter hour,T
1367,22,1,Night,46,4th quarter hour,T
1368,22,1,Night,47,4th quarter hour,T
1369,22,1,Night,48,4th quarter hour,T
1370,22,1,Night,49,4th quarter hour,T
1371,22,1,Night,50,4th quarter hour,T
1372,22,1,Night,51,4th quarter hour,T
1373,22,1,Night,52,4th quarter hour,T
1374,22,1,Night,53,4th quarter hour,T
1375,22,1,Night,54,4th quarter hour,T
1376,22,1,Night,55,4th quarter hour,T
1377,22,1,Night,56,4th quarter hour,T
1378,22,1,Night,57,4th quarter hour,T
1379,22,1,Night,58,4th quarter hour,T
1380,22,1,Night,59,4th quarter hour,T
1381,23,1,Night,0,1st quarter hour,T
1382,23,1,Night,1,1st quarter hour,T
1383,23,1,Night,2,1st quarter hour,T
1384,23,1,Night,3,1st quarter hour,T
1385,23,1,Night,4,1st quarter hour,T
1386,23,1,Night,5,1st quarter hour,T
1387,23,1,Night,6,1st quarter hour,T
1388,23,1,Night,7,1st quarter hour,T
1389,23,1,Night,8,1st quarter hour,T
1390,23,1,Night,9,1st quarter hour,T
1391,23,1,Night,10,1st quarter hour,T
1392,23,1,Night,11,1st quarter hour,T
1393,23,1,Night,12,1st quarter hour,T
1394,23,1,Night,13,1st quarter hour,T
1395,23,1,Night,14,1st quarter hour,T
1396,23,1,Night,15,2nd quarter hour,T
1397,23,1,Night,16,2nd quarter hour,T
1398,23,1,Night,17,2nd quarter hour,T
1399,23,1,Night,18,2nd quarter hour,T
1400,23,1,Night,19,2nd quarter hour,T
1401,23,1,Night,20,2nd quarter hour,T
1402,23,1,Night,21,2nd quarter hour,T
1403,23,1,Night,22,2nd quarter hour,T
1404,23,1,Night,23,2nd quarter hour,T
1405,23,1,Night,24,2nd quarter hour,T
1406,23,1,Night,25,2nd quarter hour,T
1407,23,1,Night,26,2nd quarter hour,T
1408,23,1,Night,27,2nd quarter hour,T
1409,23,1,Night,28,2nd quarter hour,T
1410,23,1,Night,29,2nd quarter hour,T
1411,23,1,Night,30,3rd quarter hour,T
1412,23,1,Night,31,3rd quarter hour,T
1413,23,1,Night,32,3rd quarter hour,T
1414,23,1,Night,33,3rd quarter hour,T
1415,23,1,Night,34,3rd quarter hour,T
1416,23,1,Night,35,3rd quarter hour,T
1417,23,1,Night,36,3rd quarter hour,T
1418,23,1,Night,37,3rd quarter hour,T
1419,23,1,Night,38,3rd quarter hour,T
1420,23,1,Night,39,3rd quarter hour,T
1421,23,1,Night,40,3rd quarter hour,T
1422,23,1,Night,41,3rd quarter hour,T
1423,23,1,Night,42,3rd quarter hour,T
1424,23,1,Night,43,3rd quarter hour,T
1425,23,1,Night,44,3rd quarter hour,T
1426,23,1,Night,45,4th quarter hour,T
1427,23,1,Night,46,4th quarter hour,T
1428,23,1,Night,47,4th quarter hour,T
1429,23,1,Night,48,4th quarter hour,T
1430,23,1,Night,49,4th quarter hour,T
1431,23,1,Night,50,4th quarter hour,T
1432,23,1,Night,51,4th quarter hour,T
1433,23,1,Night,52,4th quarter hour,T
1434,23,1,Night,53,4th quarter hour,T
1435,23,1,Night,54,4th quarter hour,T
1436,23,1,Night,55,4th quarter hour,T
1437,23,1,Night,56,4th quarter hour,T
1438,23,1,Night,57,4th quarter hour,T
1439,23,1,Night,58,4th quarter hour,T
1440,23,1,Night,59,4th quarter hour,T
