1,Apparel Manufacturing,Apparel Knitting Mills,Apparel Vendor,,,T
2,Crop Production,Greenhouse Nursery and,Farmer,,,T
3,Publishing Industries,Newspaper Publishers,Publisher,,,T
4,Finance and Insurance,Monetary Authorities - Central,Financial Consultant,,,T
5,Publishing Industries,Newspaper Publishers,Publisher,,,T
6,Utilities,Electric Power Generation,Electrician,,,T
7,Fishing Hunting and Trapping,Hunting and Trapping,Hunter,,,T
8,Fishing Hunting and Trapping,Finfish Fishing,Fisherman,,,T
9,Crop Production,Corn Farming,Farmer,,,T
10,Utilities,Natural Gas Distribution,Electrician,,,T
11,Beverage and Tobacco Product,Beverage Manufacturing,Beverage Producer,,,T
12,Crop Production,Other Food Crops Grown Under,Farmer,,,T
13,Finance and Insurance,Credit Intermediation and,Financial Consultant,,,T
14,Apparel Manufacturing,Apparel Knitting Mills,Apparel Vendor,,,T
15,Crop Production,Dry Pea and Bean Farming,Farmer,,,T
16,Crop Production,Greenhouse Nursery and,Farmer,,,T
17,Mining (except Oil and Gas),Copper Nickel Lead and Zinc,Miner,,,T
18,Beverage and Tobacco Product,Soft Drink Manufacturing,Beverage Producer,,,T
19,Mining (except Oil and Gas),Silver Ore Mining,Miner,,,T
20,Fishing Hunting and Trapping,Hunting and Trapping,Hunter,,,T
21,Mining (except Oil and Gas),Bituminous Coal and Lignite,Miner,,,T
22,Crop Production,Corn Farming,Farmer,,,T
23,Mining (except Oil and Gas),Coal Mining,Miner,,,T
24,Crop Production,Vegetable and Melon Farming,Farmer,,,T
25,Fishing Hunting and Trapping,Other Marine Fishing,Fisherman,,,T
26,Mining (except Oil and Gas),Bituminous Coal and Lignite,Miner,,,T
27,Crop Production,Vegetable and Melon Farming,Farmer,,,T
28,Finance and Insurance,Monetary Authorities - Central,Financial Consultant,,,T
29,Apparel Manufacturing,Sheer Hosiery Mills,Apparel Vendor,,,T
30,Fishing Hunting and Trapping,Finfish Fishing,Fisherman,,,T
31,Mining (except Oil and Gas),Iron Ore Mining,Miner,,,T
32,Crop Production,Potato Farming,Farmer,,,T
33,Mining (except Oil and Gas),Anthracite Mining,Miner,,,T
34,Publishing Industries,Newspaper Publishers,Publisher,,,T
35,Crop Production,Vegetable and Melon Farming,Farmer,,,T
36,Fishing Hunting and Trapping,Fishing,Fisherman,,,T
37,Utilities,Natural Gas Distribution,Electrician,,,T
38,Beverage and Tobacco Product,Beverage Manufacturing,Beverage Producer,,,T
39,Mining (except Oil and Gas),Lead Ore and Zinc Ore Mining,Miner,,,T
40,Apparel Manufacturing,Hosiery and Sock Mills,Apparel Vendor,,,T
41,Mining (except Oil and Gas),Copper Nickel Lead and Zinc,Miner,,,T
42,Crop Production,Soybean Farming,Farmer,,,T
43,Apparel Manufacturing,Outerwear Knitting Mills,Apparel Vendor,,,T
44,Finance and Insurance,Credit Intermediation and,Financial Consultant,,,T
45,Finance and Insurance,Commercial Banking,Financial Consultant,,,T
46,Publishing Industries,Newspaper Publishers,Publisher,,,T
47,Apparel Manufacturing,Sheer Hosiery Mills,Apparel Vendor,,,T
48,Fishing Hunting and Trapping,Other Marine Fishing,Fisherman,,,T
49,Utilities,Hydroelectric Power Generation,Electrician,,,T
50,Mining (except Oil and Gas),Gold Ore and Silver Ore Mining,Miner,,,T
51,Crop Production,Soybean Farming,Farmer,,,T
52,Fishing Hunting and Trapping,Hunting and Trapping,Hunter,,,T
53,Fishing Hunting and Trapping,Hunting and Trapping,Hunter,,,T
54,Utilities,Electric Power Distribution,Electrician,,,T
55,Fishing Hunting and Trapping,Shellfish Fishing,Fisherman,,,T
56,Crop Production,Food Crops Grown Under Cover,Farmer,,,T
57,Crop Production,Vegetable and Melon Farming,Farmer,,,T
58,Mining (except Oil and Gas),Gold Ore and Silver Ore Mining,Miner,,,T
59,Utilities,Electric Power Generation,Electrician,,,T
60,Beverage and Tobacco Product,Soft Drink and Ice,Beverage Reseller,,,T
61,Beverage and Tobacco Product,Soft Drink Manufacturing,Beverage Producer,,,T
62,Crop Production,Potato Farming,Farmer,,,T
63,Fishing Hunting and Trapping,Fishing,Fisherman,,,T
64,Apparel Manufacturing,Hosiery and Sock Mills,Apparel Vendor,,,T
65,Finance and Insurance,Credit Intermediation and,Financial Consultant,,,T
66,Apparel Manufacturing,Apparel Knitting Mills,Apparel Vendor,,,T
67,Crop Production,Oilseed and Grain Farming,Farmer,,,T
68,Apparel Manufacturing,Other Apparel Knitting Mills,Apparel Vendor,,,T
69,Publishing Industries,Periodical Publishers,Publisher,,,T
70,Mining (except Oil and Gas),Gold Ore Mining,Miner,,,T
71,Fishing Hunting and Trapping,Shellfish Fishing,Fisherman,,,T
72,Mining (except Oil and Gas),Iron Ore Mining,Miner,,,T
73,Crop Production,Greenhouse Nursery and,Farmer,,,T
74,Mining (except Oil and Gas),Gold Ore Mining,Miner,,,T
75,Crop Production,Oilseed (except Soybean),Farmer,,,T
76,Utilities,Natural Gas Distribution,Electrician,,,T
77,Fishing Hunting and Trapping,Shellfish Fishing,Fisherman,,,T
78,Utilities,Electric Power Distribution,Electrician,,,T
79,Crop Production,Wheat Farming,Farmer,,,T
80,Beverage and Tobacco Product,Soft Drink Manufacturing,Beverage Producer,,,T
81,Mining (except Oil and Gas),Coal Mining,Miner,,,T
82,Mining (except Oil and Gas),Silver Ore Mining,Miner,,,T
83,Fishing Hunting and Trapping,Other Marine Fishing,Fisherman,,,T
84,Fishing Hunting and Trapping,Shellfish Fishing,Fisherman,,,T
85,Mining (except Oil and Gas),Copper Nickel Lead and Zinc,Miner,,,T
86,Finance and Insurance,Credit Intermediation and,Financial Consultant,,,T
87,Crop Production,Oilseed and Grain Farming,Farmer,,,T
88,Fishing Hunting and Trapping,Fishing,Fisherman,,,T
89,Apparel Manufacturing,Apparel Knitting Mills,Apparel Vendor,,,T
90,Fishing Hunting and Trapping,Other Marine Fishing,Fisherman,,,T
91,Mining (except Oil and Gas),Copper Nickel Lead and Zinc,Miner,,,T
92,Crop Production,Oilseed and Grain Farming,Farmer,,,T
93,Finance and Insurance,Monetary Authorities - Central,Financial Consultant,,,T
94,Mining (except Oil and Gas),Coal Mining,Miner,,,T
95,Crop Production,Wheat Farming,Farmer,,,T
96,Apparel Manufacturing,Apparel Knitting Mills,Apparel Vendor,,,T
97,Crop Production,Vegetable and Melon Farming,Farmer,,,T
98,Mining (except Oil and Gas),Silver Ore Mining,Miner,,,T
99,Mining (except Oil and Gas),Metal Ore Mining,Miner,,,T
100,Publishing Industries,Newspaper Publishers,Publisher,,,T
101,Finance and Insurance,Depository Credit,Financial Consultant,,,T
102,Mining (except Oil and Gas),Metal Ore Mining,Miner,,,T
103,Crop Production,Wheat Farming,Farmer,,,T
104,Mining (except Oil and Gas),Gold Ore Mining,Miner,,,T
105,Finance and Insurance,Credit Intermediation and,Financial Consultant,,,T
106,Crop Production,Wheat Farming,Farmer,,,T
107,Mining (except Oil and Gas),Bituminous Coal Underground,Miner,,,T
108,Finance and Insurance,Commercial Banking,Financial Consultant,,,T
109,Crop Production,Vegetable and Melon Farming,Farmer,,,T
110,Crop Production,Wheat Farming,Farmer,,,T
111,Fishing Hunting and Trapping,Hunting and Trapping,Hunter,,,T
112,Crop Production,Vegetable and Melon Farming,Farmer,,,T
113,Crop Production,Greenhouse Nursery and,Farmer,,,T
114,Apparel Manufacturing,Other Hosiery and Sock Mills,Apparel Vendor,,,T
115,Crop Production,Dry Pea and Bean Farming,Farmer,,,T
116,Crop Production,Wheat Farming,Farmer,,,T
117,Crop Production,Potato Farming,Farmer,,,T
118,Apparel Manufacturing,Hosiery and Sock Mills,Apparel Vendor,,,T
119,Utilities,Electric Power Generation,Electrician,,,T
120,Crop Production,Wheat Farming,Farmer,,,T
121,Utilities,Natural Gas Distribution,Electrician,,,T
122,Mining (except Oil and Gas),Coal Mining,Miner,,,T
123,Fishing Hunting and Trapping,Shellfish Fishing,Fisherman,,,T
124,Beverage and Tobacco Product,Soft Drink and Ice,Beverage Reseller,,,T
125,Mining (except Oil and Gas),Iron Ore Mining,Miner,,,T
126,Apparel Manufacturing,Other Hosiery and Sock Mills,Apparel Vendor,,,T
127,Beverage and Tobacco Product,Soft Drink Manufacturing,Beverage Producer,,,T
128,Fishing Hunting and Trapping,Other Marine Fishing,Fisherman,,,T
129,Mining (except Oil and Gas),Lead Ore and Zinc Ore Mining,Miner,,,T
130,Mining (except Oil and Gas),Iron Ore Mining,Miner,,,T
131,Crop Production,Potato Farming,Farmer,,,T
132,Fishing Hunting and Trapping,Fishing,Fisherman,,,T
133,Crop Production,Mushroom Production,Farmer,,,T
134,Fishing Hunting and Trapping,Fishing,Fisherman,,,T
135,Apparel Manufacturing,Sheer Hosiery Mills,Apparel Vendor,,,T
136,Fishing Hunting and Trapping,Fishing,Fisherman,,,T
137,Beverage and Tobacco Product,Beverage Manufacturing,Beverage Producer,,,T
138,Finance and Insurance,Credit Intermediation and,Financial Consultant,,,T
139,Beverage and Tobacco Product,Soft Drink Manufacturing,Beverage Producer,,,T
140,Crop Production,Soybean Farming,Farmer,,,T
141,Crop Production,Oilseed (except Soybean),Farmer,,,T
142,Mining (except Oil and Gas),Lead Ore and Zinc Ore Mining,Miner,,,T
143,Fishing Hunting and Trapping,Fishing,Fisherman,,,T
144,Utilities,Electric Power Generation,Electrician,,,T
145,Crop Production,Other Food Crops Grown Under,Farmer,,,T
146,Utilities,Natural Gas Distribution,Electrician,,,T
147,Crop Production,Dry Pea and Bean Farming,Farmer,,,T
148,Crop Production,Dry Pea and Bean Farming,Farmer,,,T
149,Crop Production,Dry Pea and Bean Farming,Farmer,,,T
150,Beverage and Tobacco Product,Soft Drink and Ice,Beverage Reseller,,,T
151,Fishing Hunting and Trapping,Finfish Fishing,Fisherman,,,T
152,Mining (except Oil and Gas),Bituminous Coal and Lignite,Miner,,,T
153,Utilities,Electric Power Generation,Electrician,,,T
154,Crop Production,Vegetable and Melon Farming,Farmer,,,T
155,Beverage and Tobacco Product,Beverage Manufacturing,Beverage Producer,,,T
156,Crop Production,Dry Pea and Bean Farming,Farmer,,,T
157,Finance and Insurance,Monetary Authorities - Central,Financial Consultant,,,T
158,Mining (except Oil and Gas),Anthracite Mining,Miner,,,T
159,Utilities,Electric Power Generation,Electrician,,,T
160,Mining (except Oil and Gas),Lead Ore and Zinc Ore Mining,Miner,,,T
161,Mining (except Oil and Gas),Bituminous Coal and Lignite,Miner,,,T
162,Finance and Insurance,Depository Credit,Financial Consultant,,,T
163,Mining (except Oil and Gas),Gold Ore and Silver Ore Mining,Miner,,,T
164,Publishing Industries,Newspaper Periodical Book,Publisher,,,T
165,Crop Production,Oilseed (except Soybean),Farmer,,,T
166,Fishing Hunting and Trapping,Other Marine Fishing,Fisherman,,,T
167,Beverage and Tobacco Product,Soft Drink Manufacturing,Beverage Producer,,,T
168,Utilities,Electric Power Generation,Electrician,,,T
169,Publishing Industries,Periodical Publishers,Publisher,,,T
170,Mining (except Oil and Gas),Coal Mining,Miner,,,T
171,Mining (except Oil and Gas),Bituminous Coal and Lignite,Miner,,,T
172,Crop Production,Soybean Farming,Farmer,,,T
173,Fishing Hunting and Trapping,Hunting and Trapping,Hunter,,,T
174,Mining (except Oil and Gas),Bituminous Coal Underground,Miner,,,T
175,Mining (except Oil and Gas),Silver Ore Mining,Miner,,,T
176,Mining (except Oil and Gas),Iron Ore Mining,Miner,,,T
177,Fishing Hunting and Trapping,Hunting and Trapping,Hunter,,,T
178,Utilities,Hydroelectric Power Generation,Electrician,,,T
179,Crop Production,Dry Pea and Bean Farming,Farmer,,,T
180,Mining (except Oil and Gas),Copper Nickel Lead and Zinc,Miner,,,T
181,Mining (except Oil and Gas),Gold Ore and Silver Ore Mining,Miner,,,T
182,Mining (except Oil and Gas),Anthracite Mining,Miner,,,T
183,Mining (except Oil and Gas),Coal Mining,Miner,,,T
184,Apparel Manufacturing,Outerwear Knitting Mills,Apparel Vendor,,,T
185,Utilities,Natural Gas Distribution,Electrician,,,T
186,Publishing Industries,Newspaper Publishers,Publisher,,,T
187,Fishing Hunting and Trapping,Shellfish Fishing,Fisherman,,,T
188,Mining (except Oil and Gas),Silver Ore Mining,Miner,,,T
189,Fishing Hunting and Trapping,Shellfish Fishing,Fisherman,,,T
190,Mining (except Oil and Gas),Silver Ore Mining,Miner,,,T
191,Beverage and Tobacco Product,Soft Drink Manufacturing,Beverage Producer,,,T
192,Mining (except Oil and Gas),Bituminous Coal and Lignite,Miner,,,T
193,Crop Production,Mushroom Production,Farmer,,,T
194,Finance and Insurance,Commercial Banking,Financial Consultant,,,T
195,Crop Production,Oilseed and Grain Farming,Farmer,,,T
196,Crop Production,Mushroom Production,Farmer,,,T
197,Fishing Hunting and Trapping,Other Marine Fishing,Fisherman,,,T
198,Apparel Manufacturing,Hosiery and Sock Mills,Apparel Vendor,,,T
199,Finance and Insurance,Commercial Banking,Financial Consultant,,,T
200,Mining (except Oil and Gas),Gold Ore and Silver Ore Mining,Miner,,,T
201,Apparel Manufacturing,Sheer Hosiery Mills,Apparel Vendor,,,T
202,Utilities,Electric Power Generation,Electrician,,,T
203,Utilities,Hydroelectric Power Generation,Electrician,,,T
204,Crop Production,Oilseed and Grain Farming,Farmer,,,T
205,Apparel Manufacturing,Other Hosiery and Sock Mills,Apparel Vendor,,,T
206,Utilities,Electric Power Distribution,Electrician,,,T
207,Crop Production,Wheat Farming,Farmer,,,T
208,Mining (except Oil and Gas),Silver Ore Mining,Miner,,,T
209,Utilities,Hydroelectric Power Generation,Electrician,,,T
210,Crop Production,Other Food Crops Grown Under,Farmer,,,T
211,Apparel Manufacturing,Other Hosiery and Sock Mills,Apparel Vendor,,,T
212,Apparel Manufacturing,Apparel Knitting Mills,Apparel Vendor,,,T
213,Finance and Insurance,Credit Intermediation and,Financial Consultant,,,T
214,Utilities,Hydroelectric Power Generation,Electrician,,,T
215,Fishing Hunting and Trapping,Finfish Fishing,Fisherman,,,T
216,Crop Production,Soybean Farming,Farmer,,,T
217,Utilities,Electric Power Generation,Electrician,,,T
218,Crop Production,Mushroom Production,Farmer,,,T
219,Publishing Industries,Periodical Publishers,Publisher,,,T
220,Finance and Insurance,Monetary Authorities - Central,Financial Consultant,,,T
221,Fishing Hunting and Trapping,Shellfish Fishing,Fisherman,,,T
222,Finance and Insurance,Depository Credit,Financial Consultant,,,T
223,Mining (except Oil and Gas),Coal Mining,Miner,,,T
224,Apparel Manufacturing,Other Apparel Knitting Mills,Apparel Vendor,,,T
225,Utilities,Hydroelectric Power Generation,Electrician,,,T
226,Fishing Hunting and Trapping,Other Marine Fishing,Fisherman,,,T
227,Mining (except Oil and Gas),Gold Ore Mining,Miner,,,T
228,Apparel Manufacturing,Outerwear Knitting Mills,Apparel Vendor,,,T
229,Apparel Manufacturing,Sheer Hosiery Mills,Apparel Vendor,,,T
230,Crop Production,Other Food Crops Grown Under,Farmer,,,T
231,Beverage and Tobacco Product,Beverage Manufacturing,Beverage Producer,,,T
232,Apparel Manufacturing,Other Hosiery and Sock Mills,Apparel Vendor,,,T
233,Mining (except Oil and Gas),Gold Ore Mining,Miner,,,T
234,Publishing Industries,Newspaper Periodical Book,Publisher,,,T
235,Crop Production,Vegetable and Melon Farming,Farmer,,,T
236,Beverage and Tobacco Product,Soft Drink and Ice,Beverage Reseller,,,T
237,Mining (except Oil and Gas),Gold Ore Mining,Miner,,,T
238,Fishing Hunting and Trapping,Hunting and Trapping,Hunter,,,T
239,Mining (except Oil and Gas),Iron Ore Mining,Miner,,,T
240,Crop Production,Wheat Farming,Farmer,,,T
241,Crop Production,Potato Farming,Farmer,,,T
242,Apparel Manufacturing,Outerwear Knitting Mills,Apparel Vendor,,,T
243,Mining (except Oil and Gas),Anthracite Mining,Miner,,,T
244,Utilities,Electric Power Distribution,Electrician,,,T
245,Publishing Industries,Periodical Publishers,Publisher,,,T
246,Crop Production,Vegetable and Melon Farming,Farmer,,,T
247,Mining (except Oil and Gas),Copper Nickel Lead and Zinc,Miner,,,T
248,Crop Production,Potato Farming,Farmer,,,T
249,Crop Production,Mushroom Production,Farmer,,,T
250,Utilities,Hydroelectric Power Generation,Electrician,,,T
251,Crop Production,Food Crops Grown Under Cover,Farmer,,,T
252,Publishing Industries,Periodical Publishers,Publisher,,,T
253,Apparel Manufacturing,Outerwear Knitting Mills,Apparel Vendor,,,T
254,Mining (except Oil and Gas),Lead Ore and Zinc Ore Mining,Miner,,,T
255,Apparel Manufacturing,Other Apparel Knitting Mills,Apparel Vendor,,,T
256,Crop Production,Greenhouse Nursery and,Farmer,,,T
257,Apparel Manufacturing,Other Hosiery and Sock Mills,Apparel Vendor,,,T
258,Crop Production,Vegetable and Melon Farming,Farmer,,,T
259,Utilities,Electric Power Distribution,Electrician,,,T
260,Finance and Insurance,Credit Intermediation and,Financial Consultant,,,T
261,Apparel Manufacturing,Outerwear Knitting Mills,Apparel Vendor,,,T
262,Utilities,Electric Power Generation,Electrician,,,T
263,Mining (except Oil and Gas),Gold Ore Mining,Miner,,,T
264,Finance and Insurance,Monetary Authorities - Central,Financial Consultant,,,T
265,Publishing Industries,Newspaper Periodical Book,Publisher,,,T
266,Utilities,Electric Power Distribution,Electrician,,,T
267,Mining (except Oil and Gas),Gold Ore Mining,Miner,,,T
268,Fishing Hunting and Trapping,Fishing,Fisherman,,,T
269,Publishing Industries,Newspaper Publishers,Publisher,,,T
270,Apparel Manufacturing,Other Apparel Knitting Mills,Apparel Vendor,,,T
271,Apparel Manufacturing,Other Apparel Knitting Mills,Apparel Vendor,,,T
272,Finance and Insurance,Commercial Banking,Financial Consultant,,,T
273,Crop Production,Other Food Crops Grown Under,Farmer,,,T
274,Finance and Insurance,Depository Credit,Financial Consultant,,,T
275,Apparel Manufacturing,Outerwear Knitting Mills,Apparel Vendor,,,T
276,Mining (except Oil and Gas),Silver Ore Mining,Miner,,,T
277,Mining (except Oil and Gas),Bituminous Coal Underground,Miner,,,T
278,Apparel Manufacturing,Outerwear Knitting Mills,Apparel Vendor,,,T
279,Utilities,Electric Power Generation,Electrician,,,T
280,Apparel Manufacturing,Hosiery and Sock Mills,Apparel Vendor,,,T
281,Utilities,Electric Power Generation,Electrician,,,T
282,Finance and Insurance,Depository Credit,Financial Consultant,,,T
283,Fishing Hunting and Trapping,Shellfish Fishing,Fisherman,,,T
284,Finance and Insurance,Depository Credit,Financial Consultant,,,T
285,Crop Production,Soybean Farming,Farmer,,,T
286,Fishing Hunting and Trapping,Hunting and Trapping,Hunter,,,T
287,Fishing Hunting and Trapping,Other Marine Fishing,Fisherman,,,T
288,Apparel Manufacturing,Apparel Knitting Mills,Apparel Vendor,,,T
289,Fishing Hunting and Trapping,Hunting and Trapping,Hunter,,,T
290,Utilities,Electric Power Generation,Electrician,,,T
291,Finance and Insurance,Credit Intermediation and,Financial Consultant,,,T
292,Crop Production,Greenhouse Nursery and,Farmer,,,T
293,Mining (except Oil and Gas),Bituminous Coal Underground,Miner,,,T
294,Crop Production,Oilseed (except Soybean),Farmer,,,T
295,Mining (except Oil and Gas),Metal Ore Mining,Miner,,,T
296,Finance and Insurance,Commercial Banking,Financial Consultant,,,T
297,Crop Production,Vegetable and Melon Farming,Farmer,,,T
298,Mining (except Oil and Gas),Metal Ore Mining,Miner,,,T
299,Beverage and Tobacco Product,Soft Drink Manufacturing,Beverage Producer,,,T
300,Mining (except Oil and Gas),Lead Ore and Zinc Ore Mining,Miner,,,T
301,Fishing Hunting and Trapping,Fishing,Fisherman,,,T
302,Crop Production,Greenhouse Nursery and,Farmer,,,T
303,Finance and Insurance,Commercial Banking,Financial Consultant,,,T
304,Apparel Manufacturing,Outerwear Knitting Mills,Apparel Vendor,,,T
305,Mining (except Oil and Gas),Silver Ore Mining,Miner,,,T
306,Utilities,Hydroelectric Power Generation,Electrician,,,T
307,Crop Production,Soybean Farming,Farmer,,,T
308,Crop Production,Oilseed and Grain Farming,Farmer,,,T
309,Apparel Manufacturing,Sheer Hosiery Mills,Apparel Vendor,,,T
310,Crop Production,Other Food Crops Grown Under,Farmer,,,T
311,Finance and Insurance,Monetary Authorities - Central,Financial Consultant,,,T
312,Finance and Insurance,Credit Intermediation and,Financial Consultant,,,T
313,Apparel Manufacturing,Other Apparel Knitting Mills,Apparel Vendor,,,T
314,Apparel Manufacturing,Other Apparel Knitting Mills,Apparel Vendor,,,T
315,Apparel Manufacturing,Sheer Hosiery Mills,Apparel Vendor,,,T
316,Crop Production,Vegetable and Melon Farming,Farmer,,,T
317,Crop Production,Wheat Farming,Farmer,,,T
318,Crop Production,Oilseed (except Soybean),Farmer,,,T
319,Mining (except Oil and Gas),Gold Ore Mining,Miner,,,T
320,Apparel Manufacturing,Other Hosiery and Sock Mills,Apparel Vendor,,,T
321,Apparel Manufacturing,Sheer Hosiery Mills,Apparel Vendor,,,T
322,Crop Production,Other Food Crops Grown Under,Farmer,,,T
323,Fishing Hunting and Trapping,Hunting and Trapping,Hunter,,,T
324,Mining (except Oil and Gas),Copper Nickel Lead and Zinc,Miner,,,T
325,Crop Production,Corn Farming,Farmer,,,T
326,Utilities,Electric Power Generation,Electrician,,,T
327,Crop Production,Oilseed and Grain Farming,Farmer,,,T
328,Crop Production,Corn Farming,Farmer,,,T
329,Apparel Manufacturing,Hosiery and Sock Mills,Apparel Vendor,,,T
330,Fishing Hunting and Trapping,Fishing,Fisherman,,,T
331,Mining (except Oil and Gas),Coal Mining,Miner,,,T
332,Crop Production,Oilseed (except Soybean),Farmer,,,T
333,Apparel Manufacturing,Outerwear Knitting Mills,Apparel Vendor,,,T
334,Mining (except Oil and Gas),Bituminous Coal Underground,Miner,,,T
335,Utilities,Electric Power Generation,Electrician,,,T
336,Mining (except Oil and Gas),Lead Ore and Zinc Ore Mining,Miner,,,T
337,Publishing Industries,Newspaper Publishers,Publisher,,,T
338,Utilities,Electric Power Distribution,Electrician,,,T
339,Utilities,Electric Power Generation,Electrician,,,T
340,Crop Production,Vegetable and Melon Farming,Farmer,,,T
341,Beverage and Tobacco Product,Soft Drink and Ice,Beverage Reseller,,,T
342,Fishing Hunting and Trapping,Hunting and Trapping,Hunter,,,T
343,Finance and Insurance,Commercial Banking,Financial Consultant,,,T
344,Fishing Hunting and Trapping,Hunting and Trapping,Hunter,,,T
345,Fishing Hunting and Trapping,Other Marine Fishing,Fisherman,,,T
346,Apparel Manufacturing,Other Hosiery and Sock Mills,Apparel Vendor,,,T
347,Mining (except Oil and Gas),Gold Ore Mining,Miner,,,T
348,Mining (except Oil and Gas),Gold Ore Mining,Miner,,,T
349,Mining (except Oil and Gas),Iron Ore Mining,Miner,,,T
350,Utilities,Electric Power Distribution,Electrician,,,T
351,Fishing Hunting and Trapping,Shellfish Fishing,Fisherman,,,T
352,Mining (except Oil and Gas),Bituminous Coal Underground,Miner,,,T
353,Utilities,Electric Power Generation,Electrician,,,T
354,Mining (except Oil and Gas),Silver Ore Mining,Miner,,,T
355,Mining (except Oil and Gas),Lead Ore and Zinc Ore Mining,Miner,,,T
356,Apparel Manufacturing,Hosiery and Sock Mills,Apparel Vendor,,,T
357,Mining (except Oil and Gas),Lead Ore and Zinc Ore Mining,Miner,,,T
358,Mining (except Oil and Gas),Bituminous Coal Underground,Miner,,,T
359,Fishing Hunting and Trapping,Shellfish Fishing,Fisherman,,,T
360,Finance and Insurance,Commercial Banking,Financial Consultant,,,T
361,Fishing Hunting and Trapping,Hunting and Trapping,Hunter,,,T
362,Beverage and Tobacco Product,Soft Drink Manufacturing,Beverage Producer,,,T
363,Mining (except Oil and Gas),Iron Ore Mining,Miner,,,T
364,Utilities,Natural Gas Distribution,Electrician,,,T
365,Publishing Industries,Periodical Publishers,Publisher,,,T
366,Mining (except Oil and Gas),Gold Ore Mining,Miner,,,T
367,Mining (except Oil and Gas),Metal Ore Mining,Miner,,,T
368,Finance and Insurance,Monetary Authorities - Central,Financial Consultant,,,T
369,Crop Production,Dry Pea and Bean Farming,Farmer,,,T
370,Mining (except Oil and Gas),Bituminous Coal Underground,Miner,,,T
371,Mining (except Oil and Gas),Coal Mining,Miner,,,T
372,Mining (except Oil and Gas),Bituminous Coal and Lignite,Miner,,,T
373,Fishing Hunting and Trapping,Other Marine Fishing,Fisherman,,,T
374,Apparel Manufacturing,Other Apparel Knitting Mills,Apparel Vendor,,,T
375,Crop Production,Dry Pea and Bean Farming,Farmer,,,T
376,Fishing Hunting and Trapping,Other Marine Fishing,Fisherman,,,T
377,Mining (except Oil and Gas),Copper Nickel Lead and Zinc,Miner,,,T
378,Beverage and Tobacco Product,Beverage Manufacturing,Beverage Producer,,,T
379,Mining (except Oil and Gas),Bituminous Coal Underground,Miner,,,T
380,Apparel Manufacturing,Other Hosiery and Sock Mills,Apparel Vendor,,,T
381,Utilities,Hydroelectric Power Generation,Electrician,,,T
382,Mining (except Oil and Gas),Coal Mining,Miner,,,T
383,Finance and Insurance,Commercial Banking,Financial Consultant,,,T
384,Mining (except Oil and Gas),Anthracite Mining,Miner,,,T
385,Apparel Manufacturing,Outerwear Knitting Mills,Apparel Vendor,,,T
386,Beverage and Tobacco Product,Soft Drink Manufacturing,Beverage Producer,,,T
387,Crop Production,Dry Pea and Bean Farming,Farmer,,,T
388,Publishing Industries,Newspaper Publishers,Publisher,,,T
389,Mining (except Oil and Gas),Bituminous Coal Underground,Miner,,,T
390,Mining (except Oil and Gas),Bituminous Coal and Lignite,Miner,,,T
391,Utilities,Electric Power Generation,Electrician,,,T
392,Apparel Manufacturing,Other Hosiery and Sock Mills,Apparel Vendor,,,T
393,Publishing Industries,Periodical Publishers,Publisher,,,T
394,Crop Production,Potato Farming,Farmer,,,T
395,Publishing Industries,Periodical Publishers,Publisher,,,T
396,Crop Production,Vegetable and Melon Farming,Farmer,,,T
397,Finance and Insurance,Credit Intermediation and,Financial Consultant,,,T
398,Mining (except Oil and Gas),Gold Ore and Silver Ore Mining,Miner,,,T
399,Mining (except Oil and Gas),Coal Mining,Miner,,,T
400,Finance and Insurance,Credit Intermediation and,Financial Consultant,,,T
401,Beverage and Tobacco Product,Soft Drink Manufacturing,Beverage Producer,,,T
402,Utilities,Natural Gas Distribution,Electrician,,,T
403,Mining (except Oil and Gas),Coal Mining,Miner,,,T
404,Mining (except Oil and Gas),Copper Nickel Lead and Zinc,Miner,,,T
405,Publishing Industries,Newspaper Periodical Book,Publisher,,,T
406,Mining (except Oil and Gas),Bituminous Coal and Lignite,Miner,,,T
407,Mining (except Oil and Gas),Gold Ore Mining,Miner,,,T
408,Mining (except Oil and Gas),Copper Nickel Lead and Zinc,Miner,,,T
409,Publishing Industries,Newspaper Periodical Book,Publisher,,,T
410,Mining (except Oil and Gas),Anthracite Mining,Miner,,,T
411,Publishing Industries,Newspaper Publishers,Publisher,,,T
412,Apparel Manufacturing,Other Apparel Knitting Mills,Apparel Vendor,,,T
413,Mining (except Oil and Gas),Anthracite Mining,Miner,,,T
414,Crop Production,Potato Farming,Farmer,,,T
415,Crop Production,Greenhouse Nursery and,Farmer,,,T
416,Fishing Hunting and Trapping,Other Marine Fishing,Fisherman,,,T
417,Crop Production,Other Food Crops Grown Under,Farmer,,,T
418,Crop Production,Other Food Crops Grown Under,Farmer,,,T
419,Utilities,Electric Power Generation,Electrician,,,T
420,Fishing Hunting and Trapping,Hunting and Trapping,Hunter,,,T
421,Mining (except Oil and Gas),Silver Ore Mining,Miner,,,T
422,Mining (except Oil and Gas),Gold Ore Mining,Miner,,,T
423,Beverage and Tobacco Product,Beverage Manufacturing,Beverage Producer,,,T
424,Utilities,Electric Power Distribution,Electrician,,,T
425,Crop Production,Vegetable and Melon Farming,Farmer,,,T
426,Apparel Manufacturing,Other Apparel Knitting Mills,Apparel Vendor,,,T
427,Crop Production,Oilseed (except Soybean),Farmer,,,T
428,Finance and Insurance,Depository Credit,Financial Consultant,,,T
429,Mining (except Oil and Gas),Coal Mining,Miner,,,T
430,Crop Production,Potato Farming,Farmer,,,T
431,Crop Production,Greenhouse Nursery and,Farmer,,,T
432,Apparel Manufacturing,Other Hosiery and Sock Mills,Apparel Vendor,,,T
433,Beverage and Tobacco Product,Soft Drink Manufacturing,Beverage Producer,,,T
434,Apparel Manufacturing,Hosiery and Sock Mills,Apparel Vendor,,,T
435,Crop Production,Dry Pea and Bean Farming,Farmer,,,T
436,Mining (except Oil and Gas),Bituminous Coal Underground,Miner,,,T
437,Apparel Manufacturing,Sheer Hosiery Mills,Apparel Vendor,,,T
438,Crop Production,Other Food Crops Grown Under,Farmer,,,T
439,Crop Production,Food Crops Grown Under Cover,Farmer,,,T
440,Mining (except Oil and Gas),Anthracite Mining,Miner,,,T
441,Apparel Manufacturing,Other Apparel Knitting Mills,Apparel Vendor,,,T
442,Crop Production,Food Crops Grown Under Cover,Farmer,,,T
443,Finance and Insurance,Commercial Banking,Financial Consultant,,,T
444,Finance and Insurance,Monetary Authorities - Central,Financial Consultant,,,T
445,Mining (except Oil and Gas),Coal Mining,Miner,,,T
446,Mining (except Oil and Gas),Coal Mining,Miner,,,T
447,Mining (except Oil and Gas),Copper Nickel Lead and Zinc,Miner,,,T
448,Crop Production,Mushroom Production,Farmer,,,T
449,Mining (except Oil and Gas),Iron Ore Mining,Miner,,,T
450,Fishing Hunting and Trapping,Hunting and Trapping,Hunter,,,T
451,Crop Production,Soybean Farming,Farmer,,,T
452,Beverage and Tobacco Product,Soft Drink Manufacturing,Beverage Producer,,,T
453,Publishing Industries,Newspaper Publishers,Publisher,,,T
454,Crop Production,Potato Farming,Farmer,,,T
455,Fishing Hunting and Trapping,Other Marine Fishing,Fisherman,,,T
456,Crop Production,Food Crops Grown Under Cover,Farmer,,,T
457,Mining (except Oil and Gas),Metal Ore Mining,Miner,,,T
458,Crop Production,Dry Pea and Bean Farming,Farmer,,,T
459,Crop Production,Greenhouse Nursery and,Farmer,,,T
460,Crop Production,Oilseed (except Soybean),Farmer,,,T
461,Crop Production,Other Food Crops Grown Under,Farmer,,,T
462,Mining (except Oil and Gas),Bituminous Coal Underground,Miner,,,T
463,Mining (except Oil and Gas),Copper Nickel Lead and Zinc,Miner,,,T
464,Crop Production,Oilseed and Grain Farming,Farmer,,,T
465,Apparel Manufacturing,Apparel Knitting Mills,Apparel Vendor,,,T
466,Crop Production,Oilseed and Grain Farming,Farmer,,,T
467,Mining (except Oil and Gas),Copper Nickel Lead and Zinc,Miner,,,T
468,Beverage and Tobacco Product,Beverage Manufacturing,Beverage Producer,,,T
469,Mining (except Oil and Gas),Metal Ore Mining,Miner,,,T
470,Crop Production,Dry Pea and Bean Farming,Farmer,,,T
471,Crop Production,Potato Farming,Farmer,,,T
472,Crop Production,Food Crops Grown Under Cover,Farmer,,,T
473,Apparel Manufacturing,Hosiery and Sock Mills,Apparel Vendor,,,T
474,Publishing Industries,Newspaper Publishers,Publisher,,,T
475,Mining (except Oil and Gas),Silver Ore Mining,Miner,,,T
476,Utilities,Natural Gas Distribution,Electrician,,,T
477,Crop Production,Mushroom Production,Farmer,,,T
478,Mining (except Oil and Gas),Iron Ore Mining,Miner,,,T
479,Apparel Manufacturing,Other Hosiery and Sock Mills,Apparel Vendor,,,T
480,Utilities,Electric Power Generation,Electrician,,,T
481,Finance and Insurance,Credit Intermediation and,Financial Consultant,,,T
482,Mining (except Oil and Gas),Metal Ore Mining,Miner,,,T
483,Apparel Manufacturing,Sheer Hosiery Mills,Apparel Vendor,,,T
484,Apparel Manufacturing,Sheer Hosiery Mills,Apparel Vendor,,,T
485,Crop Production,Food Crops Grown Under Cover,Farmer,,,T
486,Mining (except Oil and Gas),Gold Ore Mining,Miner,,,T
487,Mining (except Oil and Gas),Gold Ore Mining,Miner,,,T
488,Crop Production,Oilseed and Grain Farming,Farmer,,,T
489,Finance and Insurance,Commercial Banking,Financial Consultant,,,T
490,Crop Production,Vegetable and Melon Farming,Farmer,,,T
491,Utilities,Electric Power Generation,Electrician,,,T
492,Crop Production,Food Crops Grown Under Cover,Farmer,,,T
493,Utilities,Electric Power Generation,Electrician,,,T
494,Apparel Manufacturing,Apparel Knitting Mills,Apparel Vendor,,,T
495,Crop Production,Greenhouse Nursery and,Farmer,,,T
496,Utilities,Hydroelectric Power Generation,Electrician,,,T
497,Mining (except Oil and Gas),Gold Ore Mining,Miner,,,T
498,Utilities,Hydroelectric Power Generation,Electrician,,,T
499,Crop Production,Other Food Crops Grown Under,Farmer,,,T
500,Utilities,Hydroelectric Power Generation,Electrician,,,T
501,Utilities,Electric Power Generation,Electrician,,,T
502,Crop Production,Vegetable and Melon Farming,Farmer,,,T
503,Apparel Manufacturing,Apparel Knitting Mills,Apparel Vendor,,,T
504,Fishing Hunting and Trapping,Hunting and Trapping,Hunter,,,T
505,Fishing Hunting and Trapping,Other Marine Fishing,Fisherman,,,T
506,Crop Production,Vegetable and Melon Farming,Farmer,,,T
507,Apparel Manufacturing,Outerwear Knitting Mills,Apparel Vendor,,,T
508,Finance and Insurance,Depository Credit,Financial Consultant,,,T
509,Mining (except Oil and Gas),Copper Nickel Lead and Zinc,Miner,,,T
510,Finance and Insurance,Credit Intermediation and,Financial Consultant,,,T
511,Apparel Manufacturing,Outerwear Knitting Mills,Apparel Vendor,,,T
512,Mining (except Oil and Gas),Silver Ore Mining,Miner,,,T
513,Mining (except Oil and Gas),Copper Nickel Lead and Zinc,Miner,,,T
514,Fishing Hunting and Trapping,Other Marine Fishing,Fisherman,,,T
515,Mining (except Oil and Gas),Iron Ore Mining,Miner,,,T
516,Crop Production,Corn Farming,Farmer,,,T
517,Beverage and Tobacco Product,Soft Drink and Ice,Beverage Reseller,,,T
518,Finance and Insurance,Depository Credit,Financial Consultant,,,T
519,Fishing Hunting and Trapping,Hunting and Trapping,Hunter,,,T
520,Crop Production,Dry Pea and Bean Farming,Farmer,,,T
521,Crop Production,Dry Pea and Bean Farming,Farmer,,,T
522,Utilities,Electric Power Generation,Electrician,,,T
523,Fishing Hunting and Trapping,Shellfish Fishing,Fisherman,,,T
524,Crop Production,Food Crops Grown Under Cover,Farmer,,,T
525,Beverage and Tobacco Product,Soft Drink and Ice,Beverage Reseller,,,T
526,Fishing Hunting and Trapping,Fishing,Fisherman,,,T
527,Utilities,Hydroelectric Power Generation,Electrician,,,T
528,Crop Production,Dry Pea and Bean Farming,Farmer,,,T
529,Fishing Hunting and Trapping,Hunting and Trapping,Hunter,,,T
530,Utilities,Electric Power Generation,Electrician,,,T
531,Publishing Industries,Periodical Publishers,Publisher,,,T
532,Apparel Manufacturing,Other Hosiery and Sock Mills,Apparel Vendor,,,T
533,Fishing Hunting and Trapping,Hunting and Trapping,Hunter,,,T
534,Crop Production,Soybean Farming,Farmer,,,T
535,Crop Production,Wheat Farming,Farmer,,,T
536,Finance and Insurance,Depository Credit,Financial Consultant,,,T
537,Crop Production,Oilseed and Grain Farming,Farmer,,,T
538,Mining (except Oil and Gas),Lead Ore and Zinc Ore Mining,Miner,,,T
539,Fishing Hunting and Trapping,Hunting and Trapping,Hunter,,,T
540,Crop Production,Food Crops Grown Under Cover,Farmer,,,T
541,Beverage and Tobacco Product,Soft Drink Manufacturing,Beverage Producer,,,T
542,Fishing Hunting and Trapping,Hunting and Trapping,Hunter,,,T
543,Mining (except Oil and Gas),Copper Nickel Lead and Zinc,Miner,,,T
544,Apparel Manufacturing,Other Apparel Knitting Mills,Apparel Vendor,,,T
545,Mining (except Oil and Gas),Silver Ore Mining,Miner,,,T
546,Mining (except Oil and Gas),Coal Mining,Miner,,,T
547,Fishing Hunting and Trapping,Shellfish Fishing,Fisherman,,,T
548,Apparel Manufacturing,Other Hosiery and Sock Mills,Apparel Vendor,,,T
549,Crop Production,Other Food Crops Grown Under,Farmer,,,T
550,Apparel Manufacturing,Sheer Hosiery Mills,Apparel Vendor,,,T
551,Apparel Manufacturing,Other Apparel Knitting Mills,Apparel Vendor,,,T
552,Utilities,Hydroelectric Power Generation,Electrician,,,T
553,Mining (except Oil and Gas),Coal Mining,Miner,,,T
554,Crop Production,Food Crops Grown Under Cover,Farmer,,,T
555,Mining (except Oil and Gas),Bituminous Coal and Lignite,Miner,,,T
556,Apparel Manufacturing,Hosiery and Sock Mills,Apparel Vendor,,,T
557,Publishing Industries,Newspaper Publishers,Publisher,,,T
558,Beverage and Tobacco Product,Soft Drink and Ice,Beverage Reseller,,,T
559,Mining (except Oil and Gas),Copper Nickel Lead and Zinc,Miner,,,T
560,Utilities,Natural Gas Distribution,Electrician,,,T
561,Fishing Hunting and Trapping,Other Marine Fishing,Fisherman,,,T
562,Mining (except Oil and Gas),Copper Nickel Lead and Zinc,Miner,,,T
563,Apparel Manufacturing,Other Apparel Knitting Mills,Apparel Vendor,,,T
564,Fishing Hunting and Trapping,Other Marine Fishing,Fisherman,,,T
565,Utilities,Hydroelectric Power Generation,Electrician,,,T
566,Fishing Hunting and Trapping,Hunting and Trapping,Hunter,,,T
567,Beverage and Tobacco Product,Soft Drink and Ice,Beverage Reseller,,,T
568,Publishing Industries,Periodical Publishers,Publisher,,,T
569,Fishing Hunting and Trapping,Finfish Fishing,Fisherman,,,T
570,Beverage and Tobacco Product,Beverage Manufacturing,Beverage Producer,,,T
571,Mining (except Oil and Gas),Copper Nickel Lead and Zinc,Miner,,,T
572,Apparel Manufacturing,Apparel Knitting Mills,Apparel Vendor,,,T
573,Finance and Insurance,Commercial Banking,Financial Consultant,,,T
574,Crop Production,Mushroom Production,Farmer,,,T
575,Fishing Hunting and Trapping,Fishing,Fisherman,,,T
576,Mining (except Oil and Gas),Gold Ore and Silver Ore Mining,Miner,,,T
577,Publishing Industries,Newspaper Publishers,Publisher,,,T
578,Crop Production,Vegetable and Melon Farming,Farmer,,,T
579,Crop Production,Corn Farming,Farmer,,,T
580,Mining (except Oil and Gas),Anthracite Mining,Miner,,,T
581,Apparel Manufacturing,Hosiery and Sock Mills,Apparel Vendor,,,T
582,Crop Production,Potato Farming,Farmer,,,T
583,Crop Production,Wheat Farming,Farmer,,,T
584,Mining (except Oil and Gas),Copper Nickel Lead and Zinc,Miner,,,T
585,Crop Production,Wheat Farming,Farmer,,,T
586,Apparel Manufacturing,Other Apparel Knitting Mills,Apparel Vendor,,,T
587,Utilities,Hydroelectric Power Generation,Electrician,,,T
588,Utilities,Natural Gas Distribution,Electrician,,,T
589,Mining (except Oil and Gas),Lead Ore and Zinc Ore Mining,Miner,,,T
590,Crop Production,Potato Farming,Farmer,,,T
591,Fishing Hunting and Trapping,Shellfish Fishing,Fisherman,,,T
592,Fishing Hunting and Trapping,Fishing,Fisherman,,,T
593,Apparel Manufacturing,Sheer Hosiery Mills,Apparel Vendor,,,T
594,Utilities,Electric Power Distribution,Electrician,,,T
595,Apparel Manufacturing,Sheer Hosiery Mills,Apparel Vendor,,,T
596,Mining (except Oil and Gas),Lead Ore and Zinc Ore Mining,Miner,,,T
597,Apparel Manufacturing,Hosiery and Sock Mills,Apparel Vendor,,,T
598,Fishing Hunting and Trapping,Fishing,Fisherman,,,T
599,Finance and Insurance,Credit Intermediation and,Financial Consultant,,,T
600,Crop Production,Other Food Crops Grown Under,Farmer,,,T
601,Crop Production,Dry Pea and Bean Farming,Farmer,,,T
602,Fishing Hunting and Trapping,Hunting and Trapping,Hunter,,,T
603,Fishing Hunting and Trapping,Hunting and Trapping,Hunter,,,T
604,Beverage and Tobacco Product,Soft Drink Manufacturing,Beverage Producer,,,T
605,Publishing Industries,Newspaper Publishers,Publisher,,,T
606,Mining (except Oil and Gas),Bituminous Coal Underground,Miner,,,T
607,Fishing Hunting and Trapping,Hunting and Trapping,Hunter,,,T
608,Mining (except Oil and Gas),Lead Ore and Zinc Ore Mining,Miner,,,T
609,Beverage and Tobacco Product,Soft Drink and Ice,Beverage Reseller,,,T
610,Finance and Insurance,Depository Credit,Financial Consultant,,,T
611,Mining (except Oil and Gas),Coal Mining,Miner,,,T
612,Utilities,Natural Gas Distribution,Electrician,,,T
613,Mining (except Oil and Gas),Anthracite Mining,Miner,,,T
614,Apparel Manufacturing,Other Hosiery and Sock Mills,Apparel Vendor,,,T
615,Crop Production,Wheat Farming,Farmer,,,T
616,Apparel Manufacturing,Other Apparel Knitting Mills,Apparel Vendor,,,T
617,Beverage and Tobacco Product,Soft Drink Manufacturing,Beverage Producer,,,T
618,Finance and Insurance,Depository Credit,Financial Consultant,,,T
619,Apparel Manufacturing,Other Apparel Knitting Mills,Apparel Vendor,,,T
620,Utilities,Natural Gas Distribution,Electrician,,,T
621,Apparel Manufacturing,Other Apparel Knitting Mills,Apparel Vendor,,,T
622,Crop Production,Oilseed and Grain Farming,Farmer,,,T
623,Crop Production,Dry Pea and Bean Farming,Farmer,,,T
624,Beverage and Tobacco Product,Beverage Manufacturing,Beverage Producer,,,T
625,Finance and Insurance,Depository Credit,Financial Consultant,,,T
626,Mining (except Oil and Gas),Anthracite Mining,Miner,,,T
627,Mining (except Oil and Gas),Silver Ore Mining,Miner,,,T
628,Apparel Manufacturing,Outerwear Knitting Mills,Apparel Vendor,,,T
629,Crop Production,Vegetable and Melon Farming,Farmer,,,T
630,Publishing Industries,Newspaper Periodical Book,Publisher,,,T
631,Crop Production,Soybean Farming,Farmer,,,T
632,Apparel Manufacturing,Outerwear Knitting Mills,Apparel Vendor,,,T
633,Publishing Industries,Newspaper Publishers,Publisher,,,T
634,Utilities,Electric Power Generation,Electrician,,,T
635,Mining (except Oil and Gas),Gold Ore and Silver Ore Mining,Miner,,,T
636,Mining (except Oil and Gas),Gold Ore Mining,Miner,,,T
637,Fishing Hunting and Trapping,Fishing,Fisherman,,,T
638,Mining (except Oil and Gas),Copper Nickel Lead and Zinc,Miner,,,T
639,Fishing Hunting and Trapping,Other Marine Fishing,Fisherman,,,T
640,Apparel Manufacturing,Other Hosiery and Sock Mills,Apparel Vendor,,,T
641,Beverage and Tobacco Product,Beverage Manufacturing,Beverage Producer,,,T
642,Fishing Hunting and Trapping,Finfish Fishing,Fisherman,,,T
643,Utilities,Hydroelectric Power Generation,Electrician,,,T
644,Mining (except Oil and Gas),Lead Ore and Zinc Ore Mining,Miner,,,T
645,Publishing Industries,Newspaper Publishers,Publisher,,,T
646,Apparel Manufacturing,Outerwear Knitting Mills,Apparel Vendor,,,T
647,Apparel Manufacturing,Sheer Hosiery Mills,Apparel Vendor,,,T
648,Mining (except Oil and Gas),Bituminous Coal Underground,Miner,,,T
649,Crop Production,Oilseed and Grain Farming,Farmer,,,T
650,Publishing Industries,Periodical Publishers,Publisher,,,T
651,Fishing Hunting and Trapping,Finfish Fishing,Fisherman,,,T
652,Apparel Manufacturing,Outerwear Knitting Mills,Apparel Vendor,,,T
653,Fishing Hunting and Trapping,Shellfish Fishing,Fisherman,,,T
654,Publishing Industries,Newspaper Periodical Book,Publisher,,,T
655,Fishing Hunting and Trapping,Fishing,Fisherman,,,T
656,Apparel Manufacturing,Other Apparel Knitting Mills,Apparel Vendor,,,T
657,Mining (except Oil and Gas),Coal Mining,Miner,,,T
658,Mining (except Oil and Gas),Gold Ore and Silver Ore Mining,Miner,,,T
659,Finance and Insurance,Depository Credit,Financial Consultant,,,T
660,Mining (except Oil and Gas),Metal Ore Mining,Miner,,,T
661,Crop Production,Food Crops Grown Under Cover,Farmer,,,T
662,Crop Production,Soybean Farming,Farmer,,,T
663,Beverage and Tobacco Product,Soft Drink Manufacturing,Beverage Producer,,,T
664,Finance and Insurance,Credit Intermediation and,Financial Consultant,,,T
665,Crop Production,Wheat Farming,Farmer,,,T
666,Crop Production,Oilseed and Grain Farming,Farmer,,,T
667,Mining (except Oil and Gas),Gold Ore and Silver Ore Mining,Miner,,,T
668,Publishing Industries,Newspaper Periodical Book,Publisher,,,T
669,Utilities,Electric Power Generation,Electrician,,,T
670,Mining (except Oil and Gas),Lead Ore and Zinc Ore Mining,Miner,,,T
671,Apparel Manufacturing,Other Apparel Knitting Mills,Apparel Vendor,,,T
672,Mining (except Oil and Gas),Anthracite Mining,Miner,,,T
673,Beverage and Tobacco Product,Soft Drink and Ice,Beverage Reseller,,,T
674,Apparel Manufacturing,Sheer Hosiery Mills,Apparel Vendor,,,T
675,Publishing Industries,Newspaper Publishers,Publisher,,,T
676,Mining (except Oil and Gas),Copper Nickel Lead and Zinc,Miner,,,T
677,Beverage and Tobacco Product,Soft Drink and Ice,Beverage Reseller,,,T
678,Mining (except Oil and Gas),Silver Ore Mining,Miner,,,T
679,Crop Production,Vegetable and Melon Farming,Farmer,,,T
680,Beverage and Tobacco Product,Soft Drink Manufacturing,Beverage Producer,,,T
681,Crop Production,Other Food Crops Grown Under,Farmer,,,T
682,Crop Production,Greenhouse Nursery and,Farmer,,,T
683,Crop Production,Other Food Crops Grown Under,Farmer,,,T
684,Utilities,Hydroelectric Power Generation,Electrician,,,T
685,Crop Production,Vegetable and Melon Farming,Farmer,,,T
686,Crop Production,Potato Farming,Farmer,,,T
687,Finance and Insurance,Depository Credit,Financial Consultant,,,T
688,Crop Production,Vegetable and Melon Farming,Farmer,,,T
689,Crop Production,Wheat Farming,Farmer,,,T
690,Mining (except Oil and Gas),Lead Ore and Zinc Ore Mining,Miner,,,T
691,Finance and Insurance,Credit Intermediation and,Financial Consultant,,,T
692,Crop Production,Potato Farming,Farmer,,,T
693,Fishing Hunting and Trapping,Finfish Fishing,Fisherman,,,T
694,Publishing Industries,Newspaper Periodical Book,Publisher,,,T
695,Mining (except Oil and Gas),Silver Ore Mining,Miner,,,T
696,Crop Production,Mushroom Production,Farmer,,,T
697,Apparel Manufacturing,Outerwear Knitting Mills,Apparel Vendor,,,T
698,Publishing Industries,Newspaper Publishers,Publisher,,,T
699,Finance and Insurance,Credit Intermediation and,Financial Consultant,,,T
700,Mining (except Oil and Gas),Gold Ore Mining,Miner,,,T
701,Crop Production,Other Food Crops Grown Under,Farmer,,,T
702,Crop Production,Corn Farming,Farmer,,,T
703,Mining (except Oil and Gas),Lead Ore and Zinc Ore Mining,Miner,,,T
704,Crop Production,Oilseed and Grain Farming,Farmer,,,T
705,Mining (except Oil and Gas),Lead Ore and Zinc Ore Mining,Miner,,,T
706,Fishing Hunting and Trapping,Finfish Fishing,Fisherman,,,T
707,Finance and Insurance,Credit Intermediation and,Financial Consultant,,,T
708,Fishing Hunting and Trapping,Shellfish Fishing,Fisherman,,,T
709,Crop Production,Vegetable and Melon Farming,Farmer,,,T
710,Mining (except Oil and Gas),Anthracite Mining,Miner,,,T
711,Beverage and Tobacco Product,Soft Drink Manufacturing,Beverage Producer,,,T
712,Publishing Industries,Newspaper Periodical Book,Publisher,,,T
713,Apparel Manufacturing,Sheer Hosiery Mills,Apparel Vendor,,,T
714,Apparel Manufacturing,Other Apparel Knitting Mills,Apparel Vendor,,,T
715,Crop Production,Oilseed (except Soybean),Farmer,,,T
716,Fishing Hunting and Trapping,Hunting and Trapping,Hunter,,,T
717,Utilities,Electric Power Generation,Electrician,,,T
718,Beverage and Tobacco Product,Beverage Manufacturing,Beverage Producer,,,T
719,Mining (except Oil and Gas),Anthracite Mining,Miner,,,T
720,Crop Production,Mushroom Production,Farmer,,,T
721,Mining (except Oil and Gas),Anthracite Mining,Miner,,,T
722,Utilities,Electric Power Generation,Electrician,,,T
723,Crop Production,Corn Farming,Farmer,,,T
724,Fishing Hunting and Trapping,Other Marine Fishing,Fisherman,,,T
725,Finance and Insurance,Commercial Banking,Financial Consultant,,,T
726,Crop Production,Vegetable and Melon Farming,Farmer,,,T
727,Mining (except Oil and Gas),Gold Ore and Silver Ore Mining,Miner,,,T
728,Fishing Hunting and Trapping,Fishing,Fisherman,,,T
729,Beverage and Tobacco Product,Soft Drink and Ice,Beverage Reseller,,,T
730,Utilities,Hydroelectric Power Generation,Electrician,,,T
731,Crop Production,Other Food Crops Grown Under,Farmer,,,T
732,Publishing Industries,Newspaper Publishers,Publisher,,,T
733,Fishing Hunting and Trapping,Other Marine Fishing,Fisherman,,,T
734,Publishing Industries,Newspaper Periodical Book,Publisher,,,T
735,Utilities,Natural Gas Distribution,Electrician,,,T
736,Utilities,Electric Power Generation,Electrician,,,T
737,Crop Production,Wheat Farming,Farmer,,,T
738,Mining (except Oil and Gas),Lead Ore and Zinc Ore Mining,Miner,,,T
739,Crop Production,Corn Farming,Farmer,,,T
740,Fishing Hunting and Trapping,Shellfish Fishing,Fisherman,,,T
741,Publishing Industries,Newspaper Periodical Book,Publisher,,,T
742,Crop Production,Mushroom Production,Farmer,,,T
743,Utilities,Hydroelectric Power Generation,Electrician,,,T
744,Apparel Manufacturing,Other Apparel Knitting Mills,Apparel Vendor,,,T
745,Mining (except Oil and Gas),Gold Ore Mining,Miner,,,T
746,Crop Production,Greenhouse Nursery and,Farmer,,,T
747,Utilities,Electric Power Distribution,Electrician,,,T
748,Apparel Manufacturing,Hosiery and Sock Mills,Apparel Vendor,,,T
749,Mining (except Oil and Gas),Bituminous Coal and Lignite,Miner,,,T
750,Mining (except Oil and Gas),Copper Nickel Lead and Zinc,Miner,,,T
751,Apparel Manufacturing,Other Apparel Knitting Mills,Apparel Vendor,,,T
752,Mining (except Oil and Gas),Iron Ore Mining,Miner,,,T
753,Crop Production,Mushroom Production,Farmer,,,T
754,Crop Production,Mushroom Production,Farmer,,,T
755,Crop Production,Vegetable and Melon Farming,Farmer,,,T
756,Utilities,Electric Power Distribution,Electrician,,,T
757,Utilities,Electric Power Generation,Electrician,,,T
758,Apparel Manufacturing,Apparel Knitting Mills,Apparel Vendor,,,T
759,Mining (except Oil and Gas),Lead Ore and Zinc Ore Mining,Miner,,,T
760,Mining (except Oil and Gas),Gold Ore Mining,Miner,,,T
761,Utilities,Electric Power Generation,Electrician,,,T
762,Finance and Insurance,Monetary Authorities - Central,Financial Consultant,,,T
763,Mining (except Oil and Gas),Silver Ore Mining,Miner,,,T
764,Fishing Hunting and Trapping,Finfish Fishing,Fisherman,,,T
765,Mining (except Oil and Gas),Anthracite Mining,Miner,,,T
766,Mining (except Oil and Gas),Coal Mining,Miner,,,T
767,Crop Production,Food Crops Grown Under Cover,Farmer,,,T
768,Mining (except Oil and Gas),Iron Ore Mining,Miner,,,T
769,Utilities,Electric Power Generation,Electrician,,,T
770,Apparel Manufacturing,Outerwear Knitting Mills,Apparel Vendor,,,T
771,Mining (except Oil and Gas),Bituminous Coal Underground,Miner,,,T
772,Crop Production,Greenhouse Nursery and,Farmer,,,T
773,Utilities,Electric Power Generation,Electrician,,,T
774,Mining (except Oil and Gas),Bituminous Coal and Lignite,Miner,,,T
775,Apparel Manufacturing,Apparel Knitting Mills,Apparel Vendor,,,T
776,Mining (except Oil and Gas),Metal Ore Mining,Miner,,,T
777,Crop Production,Vegetable and Melon Farming,Farmer,,,T
778,Crop Production,Greenhouse Nursery and,Farmer,,,T
779,Mining (except Oil and Gas),Anthracite Mining,Miner,,,T
780,Apparel Manufacturing,Other Apparel Knitting Mills,Apparel Vendor,,,T
781,Publishing Industries,Periodical Publishers,Publisher,,,T
782,Finance and Insurance,Commercial Banking,Financial Consultant,,,T
783,Crop Production,Potato Farming,Farmer,,,T
784,Finance and Insurance,Commercial Banking,Financial Consultant,,,T
785,Mining (except Oil and Gas),Silver Ore Mining,Miner,,,T
786,Mining (except Oil and Gas),Bituminous Coal and Lignite,Miner,,,T
787,Finance and Insurance,Commercial Banking,Financial Consultant,,,T
788,Mining (except Oil and Gas),Gold Ore Mining,Miner,,,T
789,Crop Production,Wheat Farming,Farmer,,,T
790,Crop Production,Vegetable and Melon Farming,Farmer,,,T
791,Finance and Insurance,Depository Credit,Financial Consultant,,,T
792,Mining (except Oil and Gas),Metal Ore Mining,Miner,,,T
793,Apparel Manufacturing,Apparel Knitting Mills,Apparel Vendor,,,T
794,Apparel Manufacturing,Other Apparel Knitting Mills,Apparel Vendor,,,T
795,Crop Production,Dry Pea and Bean Farming,Farmer,,,T
796,Crop Production,Food Crops Grown Under Cover,Farmer,,,T
797,Finance and Insurance,Credit Intermediation and,Financial Consultant,,,T
798,Publishing Industries,Periodical Publishers,Publisher,,,T
799,Apparel Manufacturing,Other Apparel Knitting Mills,Apparel Vendor,,,T
800,Utilities,Natural Gas Distribution,Electrician,,,T
801,Utilities,Hydroelectric Power Generation,Electrician,,,T
802,Publishing Industries,Newspaper Periodical Book,Publisher,,,T
803,Publishing Industries,Periodical Publishers,Publisher,,,T
804,Utilities,Electric Power Distribution,Electrician,,,T
805,Beverage and Tobacco Product,Soft Drink and Ice,Beverage Reseller,,,T
806,Crop Production,Dry Pea and Bean Farming,Farmer,,,T
807,Fishing Hunting and Trapping,Other Marine Fishing,Fisherman,,,T
808,Beverage and Tobacco Product,Soft Drink Manufacturing,Beverage Producer,,,T
809,Crop Production,Potato Farming,Farmer,,,T
810,Mining (except Oil and Gas),Metal Ore Mining,Miner,,,T
811,Apparel Manufacturing,Other Apparel Knitting Mills,Apparel Vendor,,,T
812,Mining (except Oil and Gas),Gold Ore Mining,Miner,,,T
813,Finance and Insurance,Monetary Authorities - Central,Financial Consultant,,,T
814,Finance and Insurance,Depository Credit,Financial Consultant,,,T
815,Fishing Hunting and Trapping,Shellfish Fishing,Fisherman,,,T
816,Mining (except Oil and Gas),Silver Ore Mining,Miner,,,T
817,Mining (except Oil and Gas),Coal Mining,Miner,,,T
818,Crop Production,Potato Farming,Farmer,,,T
819,Mining (except Oil and Gas),Metal Ore Mining,Miner,,,T
820,Beverage and Tobacco Product,Soft Drink and Ice,Beverage Reseller,,,T
821,Finance and Insurance,Monetary Authorities - Central,Financial Consultant,,,T
822,Publishing Industries,Periodical Publishers,Publisher,,,T
823,Crop Production,Wheat Farming,Farmer,,,T
824,Apparel Manufacturing,Apparel Knitting Mills,Apparel Vendor,,,T
825,Mining (except Oil and Gas),Gold Ore and Silver Ore Mining,Miner,,,T
826,Finance and Insurance,Depository Credit,Financial Consultant,,,T
827,Beverage and Tobacco Product,Soft Drink and Ice,Beverage Reseller,,,T
828,Beverage and Tobacco Product,Beverage Manufacturing,Beverage Producer,,,T
829,Publishing Industries,Periodical Publishers,Publisher,,,T
830,Mining (except Oil and Gas),Lead Ore and Zinc Ore Mining,Miner,,,T
831,Apparel Manufacturing,Hosiery and Sock Mills,Apparel Vendor,,,T
832,Publishing Industries,Newspaper Publishers,Publisher,,,T
833,Crop Production,Dry Pea and Bean Farming,Farmer,,,T
834,Apparel Manufacturing,Apparel Knitting Mills,Apparel Vendor,,,T
835,Crop Production,Vegetable and Melon Farming,Farmer,,,T
836,Mining (except Oil and Gas),Bituminous Coal Underground,Miner,,,T
837,Beverage and Tobacco Product,Soft Drink and Ice,Beverage Reseller,,,T
838,Crop Production,Food Crops Grown Under Cover,Farmer,,,T
839,Mining (except Oil and Gas),Iron Ore Mining,Miner,,,T
840,Crop Production,Vegetable and Melon Farming,Farmer,,,T
841,Apparel Manufacturing,Sheer Hosiery Mills,Apparel Vendor,,,T
842,Beverage and Tobacco Product,Beverage Manufacturing,Beverage Producer,,,T
843,Finance and Insurance,Commercial Banking,Financial Consultant,,,T
844,Mining (except Oil and Gas),Anthracite Mining,Miner,,,T
845,Beverage and Tobacco Product,Soft Drink Manufacturing,Beverage Producer,,,T
846,Fishing Hunting and Trapping,Finfish Fishing,Fisherman,,,T
847,Mining (except Oil and Gas),Bituminous Coal Underground,Miner,,,T
848,Crop Production,Corn Farming,Farmer,,,T
849,Utilities,Natural Gas Distribution,Electrician,,,T
850,Fishing Hunting and Trapping,Finfish Fishing,Fisherman,,,T
851,Mining (except Oil and Gas),Gold Ore and Silver Ore Mining,Miner,,,T
852,Crop Production,Vegetable and Melon Farming,Farmer,,,T
853,Finance and Insurance,Monetary Authorities - Central,Financial Consultant,,,T
854,Crop Production,Food Crops Grown Under Cover,Farmer,,,T
855,Crop Production,Oilseed (except Soybean),Farmer,,,T
856,Beverage and Tobacco Product,Beverage Manufacturing,Beverage Producer,,,T
857,Apparel Manufacturing,Apparel Knitting Mills,Apparel Vendor,,,T
858,Finance and Insurance,Depository Credit,Financial Consultant,,,T
859,Crop Production,Soybean Farming,Farmer,,,T
860,Crop Production,Oilseed and Grain Farming,Farmer,,,T
861,Crop Production,Vegetable and Melon Farming,Farmer,,,T
862,Crop Production,Oilseed (except Soybean),Farmer,,,T
863,Crop Production,Food Crops Grown Under Cover,Farmer,,,T
864,Utilities,Electric Power Generation,Electrician,,,T
865,Crop Production,Dry Pea and Bean Farming,Farmer,,,T
866,Crop Production,Other Food Crops Grown Under,Farmer,,,T
867,Utilities,Electric Power Distribution,Electrician,,,T
868,Finance and Insurance,Monetary Authorities - Central,Financial Consultant,,,T
869,Finance and Insurance,Commercial Banking,Financial Consultant,,,T
870,Fishing Hunting and Trapping,Other Marine Fishing,Fisherman,,,T
871,Fishing Hunting and Trapping,Shellfish Fishing,Fisherman,,,T
872,Finance and Insurance,Monetary Authorities - Central,Financial Consultant,,,T
873,Mining (except Oil and Gas),Coal Mining,Miner,,,T
874,Apparel Manufacturing,Sheer Hosiery Mills,Apparel Vendor,,,T
875,Utilities,Electric Power Generation,Electrician,,,T
876,Finance and Insurance,Credit Intermediation and,Financial Consultant,,,T
877,Crop Production,Dry Pea and Bean Farming,Farmer,,,T
878,Mining (except Oil and Gas),Anthracite Mining,Miner,,,T
879,Mining (except Oil and Gas),Metal Ore Mining,Miner,,,T
880,Apparel Manufacturing,Other Hosiery and Sock Mills,Apparel Vendor,,,T
881,Mining (except Oil and Gas),Coal Mining,Miner,,,T
882,Utilities,Hydroelectric Power Generation,Electrician,,,T
883,Mining (except Oil and Gas),Iron Ore Mining,Miner,,,T
884,Crop Production,Soybean Farming,Farmer,,,T
885,Finance and Insurance,Credit Intermediation and,Financial Consultant,,,T
886,Crop Production,Mushroom Production,Farmer,,,T
887,Apparel Manufacturing,Other Hosiery and Sock Mills,Apparel Vendor,,,T
888,Mining (except Oil and Gas),Copper Nickel Lead and Zinc,Miner,,,T
889,Mining (except Oil and Gas),Bituminous Coal Underground,Miner,,,T
890,Crop Production,Potato Farming,Farmer,,,T
891,Finance and Insurance,Credit Intermediation and,Financial Consultant,,,T
892,Mining (except Oil and Gas),Silver Ore Mining,Miner,,,T
893,Mining (except Oil and Gas),Bituminous Coal Underground,Miner,,,T
894,Mining (except Oil and Gas),Gold Ore Mining,Miner,,,T
895,Crop Production,Oilseed and Grain Farming,Farmer,,,T
896,Mining (except Oil and Gas),Anthracite Mining,Miner,,,T
897,Apparel Manufacturing,Hosiery and Sock Mills,Apparel Vendor,,,T
898,Utilities,Electric Power Distribution,Electrician,,,T
899,Beverage and Tobacco Product,Beverage Manufacturing,Beverage Producer,,,T
900,Finance and Insurance,Commercial Banking,Financial Consultant,,,T
901,Crop Production,Dry Pea and Bean Farming,Farmer,,,T
902,Crop Production,Dry Pea and Bean Farming,Farmer,,,T
903,Mining (except Oil and Gas),Silver Ore Mining,Miner,,,T
904,Mining (except Oil and Gas),Coal Mining,Miner,,,T
905,Finance and Insurance,Credit Intermediation and,Financial Consultant,,,T
906,Fishing Hunting and Trapping,Fishing,Fisherman,,,T
907,Crop Production,Potato Farming,Farmer,,,T
908,Crop Production,Vegetable and Melon Farming,Farmer,,,T
909,Mining (except Oil and Gas),Metal Ore Mining,Miner,,,T
910,Mining (except Oil and Gas),Anthracite Mining,Miner,,,T
911,Crop Production,Wheat Farming,Farmer,,,T
912,Beverage and Tobacco Product,Soft Drink Manufacturing,Beverage Producer,,,T
913,Utilities,Hydroelectric Power Generation,Electrician,,,T
914,Mining (except Oil and Gas),Bituminous Coal and Lignite,Miner,,,T
915,Apparel Manufacturing,Apparel Knitting Mills,Apparel Vendor,,,T
916,Fishing Hunting and Trapping,Fishing,Fisherman,,,T
917,Crop Production,Potato Farming,Farmer,,,T
918,Mining (except Oil and Gas),Silver Ore Mining,Miner,,,T
919,Utilities,Electric Power Generation,Electrician,,,T
920,Crop Production,Dry Pea and Bean Farming,Farmer,,,T
921,Crop Production,Soybean Farming,Farmer,,,T
922,Utilities,Electric Power Generation,Electrician,,,T
923,Beverage and Tobacco Product,Soft Drink Manufacturing,Beverage Producer,,,T
924,Fishing Hunting and Trapping,Shellfish Fishing,Fisherman,,,T
925,Utilities,Hydroelectric Power Generation,Electrician,,,T
926,Beverage and Tobacco Product,Beverage Manufacturing,Beverage Producer,,,T
927,Mining (except Oil and Gas),Metal Ore Mining,Miner,,,T
928,Publishing Industries,Newspaper Periodical Book,Publisher,,,T
929,Mining (except Oil and Gas),Anthracite Mining,Miner,,,T
930,Apparel Manufacturing,Hosiery and Sock Mills,Apparel Vendor,,,T
931,Mining (except Oil and Gas),Coal Mining,Miner,,,T
932,Utilities,Natural Gas Distribution,Electrician,,,T
933,Fishing Hunting and Trapping,Fishing,Fisherman,,,T
934,Finance and Insurance,Commercial Banking,Financial Consultant,,,T
935,Crop Production,Greenhouse Nursery and,Farmer,,,T
936,Crop Production,Potato Farming,Farmer,,,T
937,Crop Production,Mushroom Production,Farmer,,,T
938,Mining (except Oil and Gas),Gold Ore Mining,Miner,,,T
939,Fishing Hunting and Trapping,Other Marine Fishing,Fisherman,,,T
940,Crop Production,Potato Farming,Farmer,,,T
941,Publishing Industries,Periodical Publishers,Publisher,,,T
942,Mining (except Oil and Gas),Bituminous Coal and Lignite,Miner,,,T
943,Utilities,Electric Power Generation,Electrician,,,T
944,Utilities,Natural Gas Distribution,Electrician,,,T
945,Mining (except Oil and Gas),Anthracite Mining,Miner,,,T
946,Apparel Manufacturing,Other Apparel Knitting Mills,Apparel Vendor,,,T
947,Publishing Industries,Newspaper Periodical Book,Publisher,,,T
948,Finance and Insurance,Credit Intermediation and,Financial Consultant,,,T
949,Utilities,Natural Gas Distribution,Electrician,,,T
950,Mining (except Oil and Gas),Coal Mining,Miner,,,T
951,Utilities,Electric Power Generation,Electrician,,,T
952,Finance and Insurance,Monetary Authorities - Central,Financial Consultant,,,T
953,Publishing Industries,Periodical Publishers,Publisher,,,T
954,Fishing Hunting and Trapping,Hunting and Trapping,Hunter,,,T
955,Crop Production,Soybean Farming,Farmer,,,T
956,Beverage and Tobacco Product,Soft Drink Manufacturing,Beverage Producer,,,T
957,Crop Production,Oilseed (except Soybean),Farmer,,,T
958,Beverage and Tobacco Product,Beverage Manufacturing,Beverage Producer,,,T
959,Crop Production,Food Crops Grown Under Cover,Farmer,,,T
960,Apparel Manufacturing,Other Apparel Knitting Mills,Apparel Vendor,,,T
961,Publishing Industries,Periodical Publishers,Publisher,,,T
962,Fishing Hunting and Trapping,Shellfish Fishing,Fisherman,,,T
963,Mining (except Oil and Gas),Lead Ore and Zinc Ore Mining,Miner,,,T
964,Finance and Insurance,Commercial Banking,Financial Consultant,,,T
965,Crop Production,Corn Farming,Farmer,,,T
966,Finance and Insurance,Monetary Authorities - Central,Financial Consultant,,,T
967,Publishing Industries,Newspaper Publishers,Publisher,,,T
968,Crop Production,Soybean Farming,Farmer,,,T
969,Fishing Hunting and Trapping,Shellfish Fishing,Fisherman,,,T
970,Crop Production,Oilseed and Grain Farming,Farmer,,,T
971,Fishing Hunting and Trapping,Finfish Fishing,Fisherman,,,T
972,Beverage and Tobacco Product,Soft Drink Manufacturing,Beverage Producer,,,T
973,Mining (except Oil and Gas),Iron Ore Mining,Miner,,,T
974,Crop Production,Oilseed and Grain Farming,Farmer,,,T
975,Beverage and Tobacco Product,Soft Drink and Ice,Beverage Reseller,,,T
976,Beverage and Tobacco Product,Soft Drink and Ice,Beverage Reseller,,,T
977,Utilities,Natural Gas Distribution,Electrician,,,T
978,Apparel Manufacturing,Other Hosiery and Sock Mills,Apparel Vendor,,,T
979,Finance and Insurance,Depository Credit,Financial Consultant,,,T
980,Fishing Hunting and Trapping,Fishing,Fisherman,,,T
981,Beverage and Tobacco Product,Soft Drink and Ice,Beverage Reseller,,,T
982,Utilities,Natural Gas Distribution,Electrician,,,T
983,Apparel Manufacturing,Sheer Hosiery Mills,Apparel Vendor,,,T
984,Mining (except Oil and Gas),Bituminous Coal Underground,Miner,,,T
985,Crop Production,Other Food Crops Grown Under,Farmer,,,T
986,Crop Production,Wheat Farming,Farmer,,,T
987,Utilities,Electric Power Generation,Electrician,,,T
988,Apparel Manufacturing,Sheer Hosiery Mills,Apparel Vendor,,,T
989,Utilities,Natural Gas Distribution,Electrician,,,T
990,Mining (except Oil and Gas),Coal Mining,Miner,,,T
991,Mining (except Oil and Gas),Gold Ore and Silver Ore Mining,Miner,,,T
992,Mining (except Oil and Gas),Anthracite Mining,Miner,,,T
993,Crop Production,Oilseed (except Soybean),Farmer,,,T
994,Publishing Industries,Periodical Publishers,Publisher,,,T
995,Mining (except Oil and Gas),Lead Ore and Zinc Ore Mining,Miner,,,T
996,Mining (except Oil and Gas),Iron Ore Mining,Miner,,,T
997,Crop Production,Potato Farming,Farmer,,,T
998,Fishing Hunting and Trapping,Finfish Fishing,Fisherman,,,T
999,Crop Production,Soybean Farming,Farmer,,,T
1000,Mining (except Oil and Gas),Gold Ore Mining,Miner,,,T
