1,PN ,T,,,N,N,N,N,Y,N,N,N,N,Y,N
2,PN ,T,,,N,N,Y,Y,Y,Y,N,Y,N,Y,N
3,PN ,T,,,Y,N,N,N,Y,Y,N,Y,Y,Y,Y
4,PN ,T,,,Y,N,Y,Y,Y,Y,Y,Y,N,N,Y
5,PN ,T,,,Y,Y,Y,N,Y,Y,N,Y,N,Y,Y
6,PN ,T,,,N,N,Y,Y,N,N,N,N,N,Y,Y
7,PN ,T,,,Y,N,Y,N,N,Y,Y,Y,N,N,N
8,PN ,T,,,Y,Y,N,Y,Y,Y,Y,N,N,N,N
9,PN ,T,,,Y,N,N,N,N,Y,Y,N,N,Y,N
10,PN ,T,,,Y,Y,Y,N,N,Y,N,N,Y,Y,N
11,PN ,T,,,N,Y,Y,Y,Y,Y,N,Y,N,N,N
12,PN ,T,,,Y,N,N,N,Y,Y,Y,Y,N,N,N
13,PN ,T,,,Y,Y,Y,N,N,Y,N,Y,Y,N,Y
14,PN ,T,,,N,N,N,Y,N,N,N,N,N,Y,N
15,PN ,T,,,Y,N,N,N,Y,Y,Y,N,Y,Y,Y
16,PN ,T,,,Y,N,N,Y,Y,Y,Y,Y,Y,Y,N
17,PN ,T,,,N,Y,Y,Y,N,N,N,N,N,N,Y
18,PN ,T,,,Y,N,N,N,Y,N,N,N,N,Y,N
19,PN ,T,,,N,N,Y,N,Y,Y,Y,N,N,Y,N
20,PN ,T,,,N,N,Y,N,Y,N,N,N,N,Y,N
21,PN ,T,,,N,Y,N,N,N,Y,N,Y,Y,N,Y
22,PN ,T,,,Y,Y,N,N,Y,Y,N,Y,Y,Y,N
23,PN ,T,,,N,N,N,Y,N,Y,N,N,Y,Y,N
24,PN ,T,,,Y,N,N,N,Y,Y,Y,Y,N,N,Y
25,PN ,T,,,N,N,Y,Y,N,Y,Y,Y,N,Y,Y
26,PN ,T,,,Y,Y,Y,Y,N,Y,N,Y,Y,N,Y
27,PN ,T,,,N,N,N,Y,N,Y,N,Y,Y,N,Y
28,PN ,T,,,Y,N,Y,Y,Y,Y,N,Y,N,N,N
29,PN ,T,,,N,Y,N,Y,Y,Y,Y,Y,N,N,Y
30,PN ,T,,,N,N,Y,Y,N,Y,Y,Y,Y,N,Y
31,PN ,T,,,Y,Y,N,N,Y,Y,N,N,Y,N,N
32,PN ,T,,,Y,N,Y,Y,N,Y,N,Y,N,N,Y
33,PN ,T,,,N,Y,N,N,N,Y,N,N,Y,Y,N
34,PN ,T,,,N,N,Y,N,N,Y,Y,Y,Y,Y,Y
35,PN ,T,,,Y,Y,N,Y,Y,Y,N,Y,Y,N,N
36,PN ,T,,,Y,N,N,N,Y,Y,N,N,Y,N,N
37,PN ,T,,,Y,Y,N,N,N,Y,Y,Y,Y,Y,N
38,PN ,T,,,Y,Y,Y,Y,N,Y,N,Y,Y,N,N
39,PN ,T,,,N,N,N,N,Y,Y,Y,N,Y,Y,N
40,PN ,T,,,N,Y,N,N,Y,Y,Y,Y,Y,Y,Y
41,PN ,T,,,N,N,N,Y,N,Y,Y,N,N,Y,N
42,PN ,T,,,Y,Y,Y,Y,Y,Y,N,N,Y,N,N
43,PN ,T,,,Y,N,Y,Y,N,Y,Y,Y,Y,N,Y
44,PN ,T,,,N,Y,Y,N,Y,Y,Y,N,Y,Y,Y
45,PN ,T,,,Y,N,N,N,N,Y,Y,N,Y,N,Y
46,PN ,T,,,N,N,Y,N,N,N,N,N,N,Y,Y
47,PN ,T,,,Y,Y,N,Y,Y,Y,Y,Y,Y,N,N
48,PN ,T,,,Y,N,Y,Y,Y,Y,Y,N,Y,Y,N
49,PN ,T,,,Y,N,N,Y,N,Y,N,N,Y,N,Y
50,PN ,T,,,Y,N,N,N,Y,Y,Y,N,Y,Y,Y
51,PN ,T,,,N,Y,Y,Y,N,Y,Y,Y,Y,N,Y
52,PN ,T,,,Y,Y,N,Y,N,Y,Y,Y,Y,Y,Y
53,PN ,T,,,N,N,N,N,Y,Y,Y,Y,Y,N,N
54,PN ,T,,,Y,N,Y,N,Y,Y,Y,Y,Y,N,Y
55,PN ,T,,,N,Y,Y,Y,Y,N,N,N,N,N,Y
56,PN ,T,,,N,N,N,N,Y,Y,Y,N,Y,Y,N
57,PN ,T,,,Y,Y,Y,Y,Y,Y,Y,Y,N,Y,N
58,PN ,T,,,Y,N,Y,Y,Y,Y,Y,Y,N,Y,Y
59,PN ,T,,,Y,N,Y,Y,N,N,N,N,N,Y,N
60,PN ,T,,,N,N,N,Y,Y,Y,Y,N,N,Y,Y
61,PN ,T,,,N,N,N,Y,N,Y,Y,Y,Y,N,N
62,PN ,T,,,Y,Y,N,Y,N,Y,N,Y,Y,N,N
63,PN ,T,,,Y,Y,Y,N,N,Y,N,Y,Y,Y,N
64,PN ,T,,,Y,N,Y,Y,Y,Y,Y,N,Y,Y,N
65,PN ,T,,,Y,N,N,Y,N,Y,Y,Y,N,N,N
66,PN ,T,,,N,Y,N,N,N,Y,N,Y,N,N,N
67,PN ,T,,,Y,N,N,Y,Y,N,N,N,N,N,N
68,PN ,T,,,Y,N,Y,Y,Y,Y,Y,Y,N,N,Y
69,PN ,T,,,Y,N,N,Y,N,Y,Y,Y,N,N,Y
70,PN ,T,,,Y,Y,Y,N,Y,Y,Y,Y,Y,N,Y
71,PN ,T,,,Y,Y,Y,Y,Y,Y,N,N,Y,Y,N
72,PN ,T,,,N,Y,N,N,N,Y,N,N,Y,N,Y
73,PN ,T,,,N,Y,N,Y,N,Y,Y,Y,Y,Y,N
74,PN ,T,,,N,N,N,Y,Y,Y,Y,Y,Y,N,Y
75,PN ,T,,,Y,N,N,Y,Y,Y,Y,N,Y,N,Y
76,PN ,T,,,N,N,N,N,N,N,N,N,N,N,Y
77,PN ,T,,,N,N,Y,Y,N,Y,Y,N,Y,N,N
78,PN ,T,,,Y,N,N,Y,Y,N,N,N,N,N,N
79,PN ,T,,,Y,N,N,Y,N,Y,Y,Y,Y,Y,N
80,PN ,T,,,Y,N,N,Y,Y,Y,N,Y,Y,N,Y
81,PN ,T,,,N,Y,N,N,N,Y,Y,Y,N,N,Y
82,PN ,T,,,N,Y,Y,N,N,Y,N,Y,Y,Y,N
83,PN ,T,,,N,Y,Y,N,N,Y,Y,Y,N,N,Y
84,PN ,T,,,N,Y,Y,N,N,Y,N,Y,N,N,Y
85,PN ,T,,,Y,N,Y,Y,Y,Y,Y,Y,N,Y,Y
86,PN ,T,,,N,N,N,N,N,Y,Y,N,Y,N,N
87,PN ,T,,,N,Y,N,Y,Y,Y,N,Y,N,N,Y
88,PN ,T,,,N,N,Y,Y,N,Y,Y,Y,N,N,Y
89,PN ,T,,,N,Y,Y,Y,Y,N,N,N,N,Y,Y
90,PN ,T,,,N,N,Y,Y,Y,Y,Y,Y,N,N,Y
91,PN ,T,,,N,N,N,Y,Y,Y,Y,N,Y,Y,Y
92,PN ,T,,,Y,Y,N,Y,Y,Y,N,N,Y,Y,N
93,PN ,T,,,Y,Y,N,N,Y,Y,N,N,Y,N,Y
94,PN ,T,,,N,N,N,Y,N,Y,Y,N,N,N,N
95,PN ,T,,,Y,Y,N,N,N,Y,N,Y,Y,Y,Y
96,PN ,T,,,Y,N,N,Y,Y,N,N,N,N,N,N
97,PN ,T,,,Y,Y,Y,N,Y,Y,Y,Y,N,N,N
98,PN ,T,,,N,N,N,Y,N,Y,N,Y,Y,Y,Y
99,PN ,T,,,N,N,N,N,Y,Y,N,N,Y,N,Y
100,PN ,T,,,Y,N,Y,Y,Y,Y,N,Y,Y,N,N
101,PN ,T,,,Y,Y,Y,N,Y,Y,N,Y,N,N,Y
102,PN ,T,,,N,N,N,N,Y,Y,Y,N,N,N,Y
103,PN ,T,,,Y,N,N,N,N,Y,Y,N,Y,N,Y
104,PN ,T,,,Y,Y,N,Y,N,Y,Y,N,N,N,Y
105,PN ,T,,,Y,Y,N,Y,Y,Y,Y,N,N,N,Y
106,PN ,T,,,Y,Y,N,Y,Y,Y,Y,Y,Y,N,N
107,PN ,T,,,Y,Y,Y,N,Y,Y,Y,Y,Y,Y,Y
108,PN ,T,,,Y,Y,N,N,Y,Y,Y,Y,N,N,N
109,PN ,T,,,Y,N,N,N,N,N,N,N,N,Y,N
110,PN ,T,,,N,N,Y,N,N,Y,Y,Y,N,N,Y
111,PN ,T,,,Y,N,Y,N,Y,Y,Y,Y,Y,N,N
112,PN ,T,,,N,Y,Y,Y,N,Y,Y,Y,Y,Y,N
113,PN ,T,,,Y,N,Y,Y,N,Y,Y,N,N,Y,Y
114,PN ,T,,,Y,Y,N,N,N,Y,Y,Y,Y,N,Y
115,PN ,T,,,N,Y,N,Y,Y,Y,Y,Y,Y,Y,N
116,PN ,T,,,Y,Y,Y,N,Y,Y,N,N,Y,N,N
117,PN ,T,,,Y,N,N,N,Y,Y,Y,Y,N,Y,N
118,PN ,T,,,Y,Y,N,Y,Y,Y,N,Y,N,N,Y
119,PN ,T,,,Y,N,N,Y,N,Y,N,N,Y,N,Y
120,PN ,T,,,Y,N,Y,Y,N,Y,Y,N,N,N,N
121,PN ,T,,,Y,N,Y,N,N,Y,Y,N,Y,Y,N
122,PN ,T,,,N,N,N,Y,N,N,N,N,N,N,Y
123,PN ,T,,,N,N,Y,N,Y,Y,Y,Y,N,Y,N
124,PN ,T,,,Y,N,Y,Y,Y,Y,Y,Y,N,Y,Y
125,PN ,T,,,N,Y,N,Y,N,Y,N,Y,N,Y,N
126,PN ,T,,,Y,N,Y,N,Y,Y,Y,Y,N,Y,N
127,PN ,T,,,Y,Y,Y,N,Y,Y,N,Y,N,Y,Y
128,PN ,T,,,Y,N,Y,N,N,Y,Y,Y,Y,N,Y
129,PN ,T,,,Y,N,N,N,Y,Y,Y,Y,N,N,Y
130,PN ,T,,,Y,Y,N,Y,Y,Y,Y,N,N,Y,N
131,PN ,T,,,N,N,N,N,Y,Y,Y,Y,N,Y,N
132,PN ,T,,,N,N,Y,Y,Y,Y,N,Y,N,Y,N
133,PN ,T,,,N,N,N,Y,N,Y,N,Y,N,N,N
134,PN ,T,,,N,N,N,Y,N,Y,N,Y,N,N,Y
135,PN ,T,,,Y,Y,N,N,N,N,N,N,N,Y,Y
136,PN ,T,,,N,Y,Y,Y,N,N,N,N,N,Y,N
137,PN ,T,,,N,Y,N,Y,Y,N,N,N,N,Y,Y
138,PN ,T,,,Y,Y,Y,Y,N,Y,N,N,Y,N,Y
139,PN ,T,,,N,Y,N,Y,N,Y,N,N,Y,N,Y
140,PN ,T,,,N,Y,N,Y,N,Y,Y,N,Y,Y,N
141,PN ,T,,,Y,N,N,N,N,Y,Y,N,N,N,Y
142,PN ,T,,,N,Y,Y,N,Y,Y,N,Y,N,N,N
143,PN ,T,,,Y,N,N,Y,N,Y,N,Y,N,Y,Y
144,PN ,T,,,N,N,N,Y,Y,Y,N,Y,Y,Y,Y
145,PN ,T,,,N,N,Y,N,N,Y,Y,Y,N,Y,N
146,PN ,T,,,N,Y,Y,N,Y,Y,Y,Y,Y,N,Y
147,PN ,T,,,Y,Y,Y,Y,Y,Y,Y,N,Y,N,Y
148,PN ,T,,,Y,N,Y,N,N,Y,N,Y,N,N,N
149,PN ,T,,,Y,Y,Y,N,Y,Y,N,Y,Y,Y,Y
150,PN ,T,,,Y,N,Y,N,Y,Y,N,N,Y,N,N
151,PN ,T,,,N,N,Y,N,Y,Y,Y,Y,N,Y,Y
152,PN ,T,,,Y,N,N,N,N,Y,Y,N,Y,N,Y
153,PN ,T,,,Y,N,Y,N,N,Y,Y,N,Y,N,Y
154,PN ,T,,,Y,Y,Y,Y,N,Y,Y,Y,N,Y,Y
155,PN ,T,,,Y,N,N,Y,N,Y,N,N,Y,Y,Y
156,PN ,T,,,Y,N,Y,Y,N,Y,N,Y,Y,N,N
157,PN ,T,,,Y,Y,N,Y,N,Y,Y,Y,N,N,N
158,PN ,T,,,N,Y,N,Y,N,Y,N,Y,N,N,N
159,PN ,T,,,Y,Y,Y,N,N,Y,N,Y,N,N,N
160,PN ,T,,,Y,Y,Y,Y,N,Y,Y,Y,N,Y,N
161,PN ,T,,,N,Y,Y,N,N,N,N,N,N,N,Y
162,PN ,T,,,N,N,N,N,Y,Y,N,N,Y,Y,Y
163,PN ,T,,,Y,N,N,Y,Y,Y,Y,Y,Y,Y,Y
164,PN ,T,,,Y,Y,N,N,N,Y,N,N,Y,N,Y
165,PN ,T,,,N,Y,Y,Y,N,N,N,N,N,Y,Y
166,PN ,T,,,N,Y,N,N,Y,Y,Y,N,Y,Y,Y
167,PN ,T,,,N,Y,Y,Y,N,Y,N,Y,N,Y,Y
168,PN ,T,,,N,N,Y,Y,N,Y,Y,Y,N,N,N
169,PN ,T,,,N,Y,Y,Y,N,Y,Y,N,Y,Y,Y
170,PN ,T,,,N,N,Y,Y,Y,Y,N,Y,Y,Y,Y
171,PN ,T,,,Y,Y,N,Y,N,Y,Y,N,Y,N,N
172,PN ,T,,,Y,N,N,Y,N,Y,Y,N,N,Y,N
173,PN ,T,,,N,N,Y,N,Y,Y,Y,N,N,N,Y
174,PN ,T,,,N,Y,N,Y,N,Y,Y,Y,N,N,N
175,PN ,T,,,N,N,Y,Y,Y,Y,Y,Y,Y,Y,Y
176,PN ,T,,,N,Y,Y,N,N,Y,Y,N,N,N,Y
177,PN ,T,,,Y,Y,N,Y,N,N,N,N,N,Y,Y
178,PN ,T,,,Y,Y,N,N,N,Y,Y,Y,N,N,Y
179,PN ,T,,,N,N,Y,N,N,Y,Y,N,Y,Y,N
180,PN ,T,,,Y,N,N,Y,Y,Y,Y,N,Y,Y,N
181,PN ,T,,,Y,N,N,N,Y,Y,Y,Y,Y,Y,Y
182,PN ,T,,,Y,N,N,Y,N,Y,N,Y,Y,Y,N
183,PN ,T,,,Y,N,N,Y,Y,Y,Y,N,N,Y,Y
184,PN ,T,,,N,N,N,N,N,N,N,N,N,Y,N
185,PN ,T,,,N,Y,N,N,Y,N,N,N,N,N,N
186,PN ,T,,,N,N,Y,Y,Y,Y,Y,Y,N,Y,N
187,PN ,T,,,Y,Y,N,Y,Y,Y,N,Y,N,Y,Y
188,PN ,T,,,Y,N,N,N,Y,N,N,N,N,Y,Y
189,PN ,T,,,Y,Y,N,N,N,Y,Y,N,N,N,N
190,PN ,T,,,Y,N,N,N,N,N,N,N,N,Y,Y
191,PN ,T,,,Y,N,Y,Y,N,Y,Y,N,N,Y,N
192,PN ,T,,,Y,Y,Y,N,Y,N,N,N,N,N,Y
193,PN ,T,,,N,N,Y,N,N,Y,N,Y,N,Y,N
194,PN ,T,,,N,Y,N,N,Y,Y,Y,Y,N,Y,Y
195,PN ,T,,,Y,Y,N,Y,Y,Y,Y,Y,N,Y,Y
196,PN ,T,,,Y,N,Y,N,Y,Y,Y,N,Y,Y,Y
197,PN ,T,,,N,Y,N,N,N,Y,Y,N,Y,N,N
198,PN ,T,,,N,N,Y,Y,N,Y,Y,Y,Y,N,N
199,PN ,T,,,N,N,N,N,N,Y,Y,N,N,Y,Y
200,PN ,T,,,Y,N,Y,N,N,N,N,N,N,N,Y
201,PN ,T,,,Y,N,N,N,N,Y,Y,Y,N,Y,Y
202,PN ,T,,,N,N,N,N,N,Y,Y,Y,Y,N,Y
203,PN ,T,,,N,Y,Y,N,Y,Y,Y,Y,N,N,N
204,PN ,T,,,N,Y,N,N,Y,Y,N,Y,Y,N,Y
205,PN ,T,,,Y,Y,N,Y,Y,Y,Y,N,Y,Y,Y
206,PN ,T,,,Y,Y,Y,N,Y,Y,Y,N,N,Y,N
207,PN ,T,,,N,Y,N,N,N,Y,Y,Y,N,N,N
208,PN ,T,,,N,N,N,N,Y,Y,N,Y,N,N,N
209,PN ,T,,,N,Y,N,N,N,Y,N,N,Y,N,Y
210,PN ,T,,,N,N,N,Y,Y,Y,Y,Y,N,Y,N
211,PN ,T,,,N,N,N,Y,Y,N,N,N,N,Y,Y
212,PN ,T,,,Y,N,Y,N,N,Y,N,N,Y,N,N
213,PN ,T,,,N,Y,N,Y,Y,Y,N,Y,N,N,Y
214,PN ,T,,,N,N,Y,Y,N,Y,Y,Y,N,N,N
215,PN ,T,,,Y,Y,Y,Y,Y,Y,Y,N,N,Y,N
216,PN ,T,,,N,Y,Y,Y,N,Y,N,N,Y,N,Y
217,PN ,T,,,N,N,N,N,Y,Y,N,Y,N,N,N
218,PN ,T,,,Y,Y,N,N,N,N,N,N,N,Y,Y
219,PN ,T,,,Y,Y,Y,N,Y,Y,Y,N,Y,Y,Y
220,PN ,T,,,N,Y,Y,N,Y,Y,N,Y,N,N,N
221,PN ,T,,,N,N,N,Y,N,Y,Y,Y,N,Y,Y
222,PN ,T,,,Y,N,Y,Y,Y,Y,Y,N,N,N,Y
223,PN ,T,,,N,Y,Y,Y,Y,Y,Y,N,N,Y,Y
224,PN ,T,,,Y,N,N,N,N,Y,Y,Y,N,N,Y
225,PN ,T,,,N,Y,N,N,Y,Y,N,N,Y,N,N
226,PN ,T,,,Y,N,Y,N,N,Y,N,N,Y,N,N
227,PN ,T,,,Y,Y,N,N,Y,Y,N,Y,N,Y,N
228,PN ,T,,,Y,Y,Y,N,Y,Y,Y,N,N,Y,Y
229,PN ,T,,,Y,Y,N,Y,Y,Y,Y,Y,Y,Y,N
230,PN ,T,,,Y,N,N,Y,N,Y,Y,N,N,Y,Y
231,PN ,T,,,N,N,Y,Y,N,Y,Y,Y,N,Y,Y
232,PN ,T,,,N,Y,Y,N,N,Y,N,Y,Y,Y,N
233,PN ,T,,,Y,Y,N,Y,N,Y,N,Y,N,Y,Y
234,PN ,T,,,Y,Y,Y,N,N,Y,Y,N,Y,Y,N
235,PN ,T,,,Y,N,Y,Y,Y,Y,N,Y,Y,N,Y
236,PN ,T,,,Y,Y,Y,N,Y,Y,Y,Y,Y,N,N
237,PN ,T,,,N,N,Y,N,N,Y,Y,N,Y,Y,Y
238,PN ,T,,,N,N,N,N,N,Y,Y,N,N,Y,Y
239,PN ,T,,,N,Y,N,Y,Y,Y,Y,N,N,N,N
240,PN ,T,,,Y,N,N,Y,N,N,N,N,N,N,Y
241,PN ,T,,,N,N,N,N,Y,N,N,N,N,N,Y
242,PN ,T,,,Y,Y,N,Y,Y,Y,Y,Y,N,N,Y
243,PN ,T,,,Y,N,N,Y,Y,Y,Y,N,N,N,Y
244,PN ,T,,,Y,Y,Y,N,N,Y,N,Y,Y,Y,N
245,PN ,T,,,N,N,Y,Y,N,N,N,N,N,Y,N
246,PN ,T,,,Y,Y,Y,Y,N,Y,Y,N,N,N,N
247,PN ,T,,,N,Y,N,Y,N,Y,N,Y,Y,N,N
248,PN ,T,,,Y,Y,N,N,Y,Y,N,Y,N,N,Y
249,PN ,T,,,N,Y,N,N,N,Y,N,Y,N,Y,N
250,PN ,T,,,N,Y,Y,N,N,Y,N,Y,Y,Y,N
251,PN ,T,,,N,Y,N,Y,Y,Y,Y,N,Y,N,Y
252,PN ,T,,,N,Y,N,N,Y,Y,Y,Y,N,N,N
253,PN ,T,,,Y,N,N,Y,N,Y,Y,Y,N,N,N
254,PN ,T,,,N,Y,Y,N,Y,Y,N,N,Y,N,Y
255,PN ,T,,,N,Y,N,N,Y,Y,N,Y,N,N,Y
256,PN ,T,,,N,N,Y,Y,N,Y,N,Y,N,N,N
257,PN ,T,,,N,Y,N,Y,N,Y,N,Y,N,Y,Y
258,PN ,T,,,Y,N,N,N,N,Y,Y,N,Y,N,N
259,PN ,T,,,Y,N,N,N,Y,Y,N,Y,N,Y,N
260,PN ,T,,,Y,N,N,Y,Y,Y,Y,Y,N,N,Y
261,PN ,T,,,N,Y,N,Y,Y,Y,Y,N,Y,Y,N
262,PN ,T,,,N,Y,Y,Y,Y,Y,Y,Y,N,N,Y
263,PN ,T,,,N,N,N,Y,Y,N,N,N,N,Y,N
264,PN ,T,,,N,Y,N,N,N,N,N,N,N,Y,Y
265,PN ,T,,,Y,N,N,N,N,Y,Y,Y,N,Y,N
266,PN ,T,,,Y,N,N,N,Y,Y,Y,Y,Y,N,Y
267,PN ,T,,,Y,N,N,N,N,Y,Y,Y,Y,N,N
268,PN ,T,,,Y,N,Y,Y,N,Y,Y,N,Y,N,Y
269,PN ,T,,,Y,Y,N,Y,Y,Y,N,N,Y,Y,N
270,PN ,T,,,N,Y,N,N,Y,Y,Y,Y,Y,Y,N
271,PN ,T,,,N,N,N,Y,N,Y,N,Y,N,Y,Y
272,PN ,T,,,Y,N,Y,Y,Y,N,N,N,N,N,N
273,PN ,T,,,N,Y,Y,Y,Y,N,N,N,N,Y,Y
274,PN ,T,,,N,N,N,N,Y,Y,Y,N,Y,N,N
275,PN ,T,,,N,N,N,Y,N,Y,Y,N,Y,N,N
276,PN ,T,,,N,Y,Y,N,Y,Y,Y,Y,N,N,N
277,PN ,T,,,Y,N,Y,Y,Y,Y,Y,Y,N,N,N
278,PN ,T,,,N,Y,N,N,N,Y,N,Y,N,N,N
279,PN ,T,,,N,Y,Y,Y,N,Y,Y,Y,N,N,N
280,PN ,T,,,N,Y,Y,Y,N,Y,Y,Y,Y,Y,N
281,PN ,T,,,N,Y,Y,N,N,Y,Y,N,Y,Y,Y
282,PN ,T,,,Y,Y,Y,Y,N,N,N,N,N,N,N
283,PN ,T,,,N,N,N,N,N,N,N,N,N,N,Y
284,PN ,T,,,Y,Y,N,Y,N,Y,N,Y,Y,Y,N
285,PN ,T,,,N,Y,Y,N,N,Y,Y,Y,N,Y,Y
286,PN ,T,,,N,Y,Y,Y,Y,Y,Y,Y,Y,Y,Y
287,PN ,T,,,N,Y,N,N,Y,Y,N,Y,Y,Y,N
288,PN ,T,,,Y,N,Y,N,Y,N,N,N,N,Y,Y
289,PN ,T,,,Y,N,Y,N,N,Y,Y,Y,N,Y,N
290,PN ,T,,,N,Y,N,Y,N,Y,N,Y,N,N,Y
291,PN ,T,,,N,N,N,Y,N,Y,Y,Y,Y,Y,Y
292,PN ,T,,,Y,N,N,Y,N,Y,Y,Y,N,N,Y
293,PN ,T,,,N,N,N,N,Y,N,N,N,N,Y,Y
294,PN ,T,,,Y,N,N,Y,N,Y,N,Y,N,Y,Y
295,PN ,T,,,N,N,N,N,Y,Y,N,Y,Y,Y,N
296,PN ,T,,,N,Y,Y,Y,N,Y,N,Y,N,N,N
297,PN ,T,,,N,N,Y,N,Y,Y,Y,Y,Y,N,Y
298,PN ,T,,,Y,N,Y,N,N,Y,Y,Y,N,N,Y
299,PN ,T,,,Y,N,Y,N,N,N,N,N,N,Y,N
300,PN ,T,,,N,Y,N,N,N,Y,N,Y,Y,Y,N
301,PN ,T,,,N,N,N,N,N,Y,Y,N,Y,Y,Y
302,PN ,T,,,Y,N,N,N,N,Y,Y,Y,N,N,Y
303,PN ,T,,,N,N,Y,Y,Y,Y,N,Y,N,Y,N
304,PN ,T,,,N,N,N,N,N,Y,Y,N,Y,N,Y
305,PN ,T,,,N,Y,Y,N,N,Y,N,Y,N,N,Y
306,PN ,T,,,N,N,N,Y,N,N,N,N,N,N,N
307,PN ,T,,,Y,N,N,Y,N,Y,N,Y,Y,Y,N
308,PN ,T,,,Y,Y,N,Y,Y,Y,Y,N,N,N,Y
309,PN ,T,,,N,Y,N,Y,N,Y,N,Y,N,Y,N
310,PN ,T,,,Y,N,Y,N,N,Y,N,Y,N,N,N
311,PN ,T,,,N,Y,Y,N,N,Y,N,Y,N,N,Y
312,PN ,T,,,N,N,Y,N,Y,Y,N,Y,N,Y,Y
313,PN ,T,,,N,N,N,N,Y,Y,Y,Y,N,N,Y
314,PN ,T,,,N,Y,N,N,N,Y,Y,N,Y,N,Y
315,PN ,T,,,Y,N,N,Y,N,Y,Y,Y,Y,N,N
316,PN ,T,,,N,N,N,Y,N,Y,N,Y,N,Y,N
317,PN ,T,,,N,N,N,N,Y,N,N,N,N,Y,Y
318,PN ,T,,,Y,N,N,N,Y,Y,Y,N,N,Y,N
319,PN ,T,,,N,N,N,N,N,Y,N,N,Y,Y,Y
320,PN ,T,,,Y,Y,N,Y,Y,Y,Y,N,N,N,N
321,PN ,T,,,N,N,N,Y,N,Y,Y,N,Y,N,Y
322,PN ,T,,,N,N,N,Y,N,Y,N,Y,Y,N,N
323,PN ,T,,,Y,N,Y,Y,Y,Y,Y,N,Y,N,Y
324,PN ,T,,,N,Y,N,N,N,Y,N,Y,Y,N,N
325,PN ,T,,,Y,N,Y,N,Y,Y,Y,Y,N,Y,N
326,PN ,T,,,N,Y,Y,Y,Y,Y,Y,Y,N,N,Y
327,PN ,T,,,Y,N,Y,Y,N,Y,Y,N,Y,Y,N
328,PN ,T,,,N,N,Y,Y,Y,Y,N,N,Y,Y,N
329,PN ,T,,,Y,N,N,Y,Y,Y,N,Y,N,N,Y
330,PN ,T,,,Y,N,Y,N,Y,Y,Y,N,N,Y,N
331,PN ,T,,,Y,Y,N,Y,N,Y,Y,N,N,Y,N
332,PN ,T,,,Y,Y,N,Y,Y,Y,Y,N,N,Y,Y
333,PN ,T,,,Y,Y,Y,N,N,Y,N,Y,Y,N,Y
334,PN ,T,,,N,Y,Y,Y,N,Y,N,Y,Y,N,N
335,PN ,T,,,Y,N,N,Y,Y,N,N,N,N,N,Y
336,PN ,T,,,Y,N,Y,N,Y,Y,Y,Y,N,N,N
337,PN ,T,,,N,N,Y,Y,Y,Y,Y,Y,Y,Y,Y
338,PN ,T,,,Y,N,N,Y,Y,Y,Y,Y,Y,N,Y
339,PN ,T,,,Y,N,N,Y,N,Y,N,N,Y,N,N
340,PN ,T,,,Y,Y,Y,Y,Y,Y,Y,N,Y,Y,N
341,PN ,T,,,N,Y,N,N,Y,Y,N,Y,N,Y,Y
342,PN ,T,,,N,Y,N,N,Y,Y,N,N,Y,Y,N
343,PN ,T,,,N,Y,Y,N,Y,Y,N,N,Y,N,Y
344,PN ,T,,,N,Y,N,Y,Y,N,N,N,N,N,N
345,PN ,T,,,Y,Y,N,Y,Y,Y,N,N,Y,N,N
346,PN ,T,,,N,Y,N,Y,Y,Y,N,N,Y,N,N
347,PN ,T,,,Y,N,Y,Y,N,Y,N,N,Y,Y,Y
348,PN ,T,,,Y,N,N,N,Y,Y,Y,N,Y,N,Y
349,PN ,T,,,N,Y,Y,Y,Y,Y,N,Y,N,N,N
350,PN ,T,,,N,Y,N,N,Y,Y,Y,N,Y,N,N
351,PN ,T,,,N,N,N,Y,Y,Y,N,Y,Y,N,N
352,PN ,T,,,Y,N,N,Y,N,Y,Y,Y,Y,N,Y
353,PN ,T,,,Y,Y,N,Y,Y,Y,Y,Y,N,N,N
354,PN ,T,,,N,Y,Y,N,N,Y,N,N,Y,N,Y
355,PN ,T,,,N,N,N,Y,N,Y,Y,N,Y,N,Y
356,PN ,T,,,Y,Y,Y,Y,N,Y,N,N,Y,N,N
357,PN ,T,,,Y,Y,Y,N,N,Y,N,Y,N,Y,N
358,PN ,T,,,Y,N,Y,Y,N,Y,Y,N,Y,Y,N
359,PN ,T,,,Y,N,N,Y,N,Y,N,Y,N,Y,N
360,PN ,T,,,Y,N,Y,Y,Y,Y,Y,N,N,Y,N
361,PN ,T,,,Y,Y,N,Y,Y,Y,N,Y,N,N,N
362,PN ,T,,,Y,N,Y,Y,Y,Y,Y,Y,N,Y,Y
363,PN ,T,,,N,Y,N,N,Y,Y,Y,N,Y,N,N
364,PN ,T,,,N,Y,Y,Y,N,Y,N,Y,N,Y,Y
365,PN ,T,,,N,Y,Y,Y,N,Y,Y,Y,Y,Y,Y
366,PN ,T,,,Y,N,Y,N,N,Y,Y,Y,N,N,Y
367,PN ,T,,,N,N,N,Y,Y,Y,Y,N,Y,Y,N
368,PN ,T,,,N,N,Y,Y,N,Y,N,N,Y,Y,Y
369,PN ,T,,,Y,N,Y,N,Y,N,N,N,N,Y,N
370,PN ,T,,,N,N,Y,N,Y,Y,N,Y,N,N,N
371,PN ,T,,,N,Y,Y,Y,N,Y,Y,N,Y,Y,N
372,PN ,T,,,N,Y,N,Y,N,N,N,N,N,N,N
373,PN ,T,,,N,N,N,Y,N,Y,Y,N,N,N,Y
374,PN ,T,,,N,N,N,Y,N,Y,Y,N,Y,Y,Y
375,PN ,T,,,Y,N,N,N,Y,Y,N,Y,N,Y,Y
376,PN ,T,,,Y,N,Y,Y,Y,N,N,N,N,Y,N
377,PN ,T,,,N,N,N,N,Y,Y,N,N,Y,N,N
378,PN ,T,,,Y,N,N,N,N,Y,N,Y,Y,Y,Y
379,PN ,T,,,N,N,Y,N,Y,Y,N,Y,Y,Y,Y
380,PN ,T,,,Y,N,Y,N,N,Y,Y,N,Y,N,N
381,PN ,T,,,Y,Y,N,N,N,Y,N,N,Y,Y,Y
382,PN ,T,,,Y,N,Y,N,Y,N,N,N,N,Y,N
383,PN ,T,,,N,Y,Y,Y,N,Y,Y,N,N,N,Y
384,PN ,T,,,N,N,Y,Y,Y,Y,N,Y,Y,Y,Y
385,PN ,T,,,N,Y,N,Y,N,Y,Y,N,Y,Y,N
386,PN ,T,,,Y,N,Y,N,Y,Y,Y,Y,N,Y,Y
387,PN ,T,,,Y,N,N,Y,N,Y,Y,Y,N,Y,N
388,PN ,T,,,N,Y,Y,Y,Y,Y,Y,N,Y,N,N
389,PN ,T,,,N,Y,N,Y,N,Y,N,Y,Y,N,Y
390,PN ,T,,,Y,N,Y,Y,Y,Y,N,Y,Y,N,N
391,PN ,T,,,Y,Y,Y,Y,N,Y,N,Y,Y,Y,N
392,PN ,T,,,N,N,N,N,N,Y,N,Y,N,N,N
393,PN ,T,,,N,Y,Y,Y,N,N,N,N,N,N,N
394,PN ,T,,,Y,N,N,N,Y,Y,Y,N,N,Y,Y
395,PN ,T,,,N,N,Y,N,Y,Y,Y,Y,Y,Y,Y
396,PN ,T,,,Y,N,N,Y,N,Y,Y,Y,N,N,N
397,PN ,T,,,N,N,Y,Y,Y,Y,Y,Y,N,Y,Y
398,PN ,T,,,Y,N,Y,Y,Y,Y,N,Y,N,Y,N
399,PN ,T,,,Y,Y,Y,Y,N,Y,Y,N,Y,N,Y
400,PN ,T,,,Y,N,N,Y,Y,Y,Y,Y,Y,N,N
401,PN ,T,,,N,Y,N,N,N,Y,N,Y,N,Y,Y
402,PN ,T,,,N,Y,Y,N,Y,Y,N,N,Y,Y,N
403,PN ,T,,,Y,N,N,Y,Y,Y,Y,Y,N,Y,N
404,PN ,T,,,N,Y,N,Y,N,Y,Y,Y,N,Y,Y
405,PN ,T,,,N,Y,Y,Y,Y,Y,Y,Y,Y,Y,Y
406,PN ,T,,,Y,Y,Y,N,Y,Y,N,N,Y,N,N
407,PN ,T,,,N,Y,Y,Y,Y,Y,N,Y,Y,N,N
408,PN ,T,,,N,N,Y,Y,N,Y,N,Y,Y,N,Y
409,PN ,T,,,Y,N,Y,N,Y,N,N,N,N,N,N
410,PN ,T,,,N,N,Y,Y,N,Y,Y,Y,N,N,Y
411,PN ,T,,,N,Y,N,Y,N,Y,N,N,Y,N,N
412,PN ,T,,,N,Y,Y,N,N,Y,Y,Y,N,Y,Y
413,PN ,T,,,Y,N,N,N,N,Y,Y,Y,N,N,Y
414,PN ,T,,,Y,N,N,N,Y,Y,N,Y,N,N,Y
415,PN ,T,,,N,Y,Y,N,N,Y,Y,Y,N,N,Y
416,PN ,T,,,N,Y,N,N,Y,Y,N,Y,Y,Y,N
417,PN ,T,,,N,Y,N,N,Y,Y,N,Y,Y,N,N
418,PN ,T,,,N,Y,Y,Y,Y,Y,Y,N,Y,Y,N
419,PN ,T,,,N,N,Y,N,Y,Y,N,Y,N,Y,N
420,PN ,T,,,Y,N,N,N,N,Y,Y,Y,N,N,Y
421,PN ,T,,,Y,Y,N,N,N,Y,N,N,Y,N,N
422,PN ,T,,,N,Y,N,Y,Y,N,N,N,N,Y,Y
423,PN ,T,,,N,Y,N,Y,Y,Y,Y,Y,N,N,N
424,PN ,T,,,Y,Y,Y,Y,Y,Y,Y,N,Y,Y,Y
425,PN ,T,,,Y,N,N,Y,N,Y,Y,N,Y,N,Y
426,PN ,T,,,N,N,Y,Y,Y,Y,Y,N,N,N,N
427,PN ,T,,,Y,N,Y,N,N,Y,N,Y,Y,N,Y
428,PN ,T,,,N,Y,Y,Y,Y,Y,Y,N,Y,Y,N
429,PN ,T,,,N,N,N,N,Y,Y,Y,N,Y,N,N
430,PN ,T,,,Y,N,N,N,N,Y,Y,N,N,Y,Y
431,PN ,T,,,Y,N,N,N,Y,Y,N,N,Y,N,Y
432,PN ,T,,,N,N,N,N,N,N,N,N,N,Y,Y
433,PN ,T,,,Y,Y,Y,Y,N,Y,N,Y,N,Y,N
434,PN ,T,,,N,Y,N,Y,N,Y,N,Y,N,N,Y
435,PN ,T,,,N,N,Y,N,N,Y,N,Y,N,N,Y
436,PN ,T,,,N,Y,N,N,Y,Y,Y,Y,Y,Y,Y
437,PN ,T,,,Y,Y,N,N,N,Y,Y,Y,Y,N,N
438,PN ,T,,,N,Y,N,N,N,Y,Y,Y,Y,Y,Y
439,PN ,T,,,Y,Y,N,Y,N,Y,N,N,Y,Y,Y
440,PN ,T,,,N,N,Y,Y,N,Y,Y,Y,N,Y,N
441,PN ,T,,,N,N,N,N,N,Y,N,N,Y,Y,Y
442,PN ,T,,,Y,N,N,N,Y,Y,N,N,Y,N,Y
443,PN ,T,,,N,N,Y,N,N,Y,N,N,Y,Y,N
444,PN ,T,,,N,N,Y,N,Y,Y,N,Y,N,N,Y
445,PN ,T,,,Y,Y,N,Y,Y,Y,N,Y,N,Y,Y
446,PN ,T,,,Y,N,Y,Y,Y,Y,Y,N,Y,N,Y
447,PN ,T,,,N,N,Y,N,Y,Y,Y,Y,Y,N,N
448,PN ,T,,,N,Y,N,N,Y,Y,Y,N,N,Y,N
449,PN ,T,,,Y,N,N,N,N,Y,N,Y,N,Y,Y
450,PN ,T,,,N,N,N,Y,N,Y,Y,Y,N,N,Y
451,PN ,T,,,Y,Y,N,Y,Y,Y,N,N,Y,N,N
452,PN ,T,,,N,Y,Y,N,N,Y,Y,N,N,N,N
453,PN ,T,,,Y,N,Y,Y,Y,Y,N,Y,N,N,Y
454,PN ,T,,,Y,Y,N,N,Y,Y,Y,Y,N,N,Y
455,PN ,T,,,N,N,Y,N,N,Y,N,Y,N,Y,Y
456,ORG,T,DDD,DPT,Y,N,Y,Y,N,Y,N,Y,N,Y,N
457,PN ,T,AAA,CNT,N,Y,Y,N,N,Y,Y,N,Y,N,Y
458,PN ,T,EEE,DPT,Y,N,Y,N,Y,N,N,N,N,Y,Y
459,PN ,T,AAA,CNT,N,Y,Y,Y,Y,Y,Y,N,Y,N,Y
460,PN ,T,CCC,CNT,Y,Y,N,N,Y,Y,N,Y,Y,Y,Y
461,PN ,T,AAA,CNT,N,N,N,Y,Y,Y,N,Y,Y,N,Y
462,PN ,T,DDD,CNT,Y,N,Y,N,Y,Y,Y,Y,Y,N,N
463,PN ,T,BBB,CNT,Y,Y,Y,N,Y,N,N,N,N,Y,Y
464,PN ,T,EEE,CNT,N,Y,N,Y,Y,Y,Y,N,Y,N,Y
465,PN ,T,EEE,DPT,N,N,N,N,N,Y,Y,N,Y,N,Y
466,PN ,T,CCC,CNT,Y,Y,Y,Y,N,N,N,N,N,N,Y
467,PN ,T,EEE,CNT,Y,N,N,Y,Y,Y,Y,N,Y,N,N
468,PN ,T,EEE,CNT,N,Y,Y,N,Y,Y,Y,N,Y,N,Y
469,PN ,T,BBB,CNT,Y,N,N,N,Y,Y,N,Y,Y,N,Y
470,PN ,T,CCC,DPT,Y,Y,Y,Y,Y,Y,N,N,Y,N,Y
471,PN ,T,BBB,DPT,Y,Y,Y,Y,Y,N,N,N,N,Y,N
472,PN ,T,DDD,DPT,N,N,Y,N,Y,N,N,N,N,Y,N
473,PN ,T,CCC,CNT,N,N,N,N,N,Y,Y,N,Y,N,N
474,PN ,T,BBB,CNT,Y,Y,N,Y,Y,Y,Y,Y,Y,N,Y
475,PN ,T,EEE,CNT,N,Y,Y,Y,Y,Y,Y,N,Y,N,Y
476,PN ,T,CCC,DPT,Y,N,Y,N,N,N,N,N,N,N,N
477,PN ,T,CCC,CNT,Y,N,Y,Y,N,Y,N,Y,N,N,Y
478,PN ,T,BBB,CNT,N,N,N,N,Y,Y,Y,Y,N,Y,Y
479,PN ,T,DDD,DPT,Y,N,Y,N,Y,Y,N,N,Y,N,Y
480,PN ,T,CCC,DPT,Y,Y,N,Y,N,Y,Y,Y,Y,Y,Y
481,PN ,T,AAA,CNT,N,Y,Y,Y,N,Y,Y,Y,N,Y,N
482,PN ,T,AAA,DPT,N,Y,N,Y,N,Y,Y,Y,N,N,N
483,PN ,T,EEE,CNT,N,N,N,Y,N,Y,Y,Y,Y,N,N
484,PN ,T,DDD,DPT,Y,N,Y,N,N,Y,Y,N,N,N,N
485,PN ,T,CCC,CNT,N,Y,Y,Y,N,Y,N,Y,N,N,Y
486,PN ,T,BBB,DPT,Y,N,N,Y,N,Y,N,Y,Y,N,Y
487,PN ,T,DDD,DPT,N,Y,Y,Y,N,Y,N,Y,Y,Y,N
488,PN ,T,EEE,DPT,Y,N,Y,Y,Y,Y,Y,N,Y,N,N
489,PN ,T,AAA,DPT,N,Y,N,Y,Y,Y,N,N,Y,N,Y
490,PN ,T,AAA,DPT,N,N,N,Y,Y,N,N,N,N,N,Y
491,PN ,T,EEE,DPT,Y,Y,N,Y,Y,Y,Y,N,N,N,Y
492,PN ,T,EEE,DPT,Y,Y,Y,Y,N,Y,Y,Y,Y,N,Y
493,PN ,T,BBB,DPT,N,N,Y,Y,Y,Y,N,Y,Y,N,Y
494,PN ,T,CCC,DPT,Y,Y,N,N,Y,Y,Y,N,Y,Y,Y
495,PN ,T,EEE,DPT,N,Y,N,Y,N,Y,N,Y,Y,N,Y
496,ORG,T,DDD,DPT,Y,N,Y,N,N,Y,N,Y,Y,Y,N
497,PN ,T,DDD,CNT,Y,N,Y,Y,N,Y,N,Y,Y,Y,N
498,PN ,T,BBB,DPT,Y,N,Y,N,N,N,N,N,N,N,Y
499,PN ,T,CCC,CNT,Y,Y,N,N,N,Y,N,Y,N,Y,N
500,ORG,T,BBB,DPT,Y,Y,N,N,N,N,N,N,N,Y,N
501,PN ,T,EEE,CNT,Y,Y,Y,N,Y,N,N,N,N,N,N
502,PN ,T,DDD,DPT,Y,N,Y,N,Y,Y,N,Y,Y,N,Y
503,PN ,T,BBB,DPT,Y,Y,N,N,Y,Y,N,Y,N,Y,Y
504,ORG,T,AAA,CNT,Y,Y,Y,Y,N,Y,N,Y,Y,N,N
505,PN ,T,BBB,CNT,N,Y,N,N,N,Y,Y,N,N,Y,Y
506,PN ,T,DDD,DPT,N,N,N,N,N,N,N,N,N,Y,Y
507,PN ,T,DDD,DPT,N,Y,Y,Y,Y,Y,N,Y,Y,Y,Y
508,PN ,T,DDD,CNT,N,Y,Y,N,Y,Y,N,Y,N,N,Y
509,PN ,T,AAA,CNT,N,Y,N,N,Y,Y,Y,Y,N,Y,Y
510,ORG,T,DDD,CNT,N,Y,Y,Y,Y,N,N,N,N,Y,N
511,PN ,T,CCC,CNT,N,Y,Y,Y,N,Y,Y,N,Y,Y,Y
512,PN ,T,BBB,CNT,Y,Y,N,N,Y,Y,N,Y,N,N,N
513,PN ,T,AAA,DPT,Y,Y,Y,N,Y,Y,N,N,Y,Y,Y
514,PN ,T,BBB,DPT,Y,Y,Y,N,N,Y,N,Y,Y,N,N
515,PN ,T,EEE,CNT,Y,Y,N,N,N,Y,Y,Y,N,Y,Y
516,PN ,T,EEE,CNT,N,Y,N,N,Y,Y,Y,N,N,N,N
517,PN ,T,DDD,CNT,N,Y,N,Y,Y,Y,Y,Y,N,Y,N
518,PN ,T,EEE,CNT,N,Y,Y,N,N,Y,Y,N,Y,N,Y
519,ORG,T,CCC,CNT,N,N,Y,Y,Y,Y,N,N,Y,Y,Y
520,PN ,T,CCC,CNT,N,Y,Y,N,Y,Y,N,N,Y,N,Y
521,PN ,T,EEE,CNT,Y,Y,N,N,N,Y,N,N,Y,N,Y
522,PN ,T,EEE,DPT,N,Y,Y,N,Y,Y,Y,N,N,Y,N
523,PN ,T,DDD,DPT,N,N,Y,Y,Y,Y,N,Y,Y,N,N
524,PN ,T,CCC,CNT,Y,Y,Y,Y,N,Y,N,Y,N,N,Y
525,ORG,T,BBB,CNT,N,Y,Y,Y,Y,Y,N,Y,N,N,N
526,PN ,T,EEE,CNT,N,Y,N,N,N,Y,Y,Y,N,Y,Y
527,PN ,T,DDD,CNT,Y,N,Y,Y,Y,N,N,N,N,N,N
528,ORG,T,CCC,CNT,N,N,Y,Y,N,Y,Y,Y,Y,Y,N
529,PN ,T,CCC,DPT,Y,N,Y,Y,N,Y,Y,Y,N,Y,N
530,PN ,T,AAA,CNT,Y,N,N,N,Y,Y,N,Y,Y,Y,N
531,PN ,T,AAA,CNT,N,N,N,Y,Y,Y,Y,Y,Y,Y,N
532,PN ,T,EEE,DPT,Y,N,Y,Y,N,Y,Y,Y,Y,Y,Y
533,PN ,T,DDD,CNT,Y,N,Y,N,N,Y,Y,Y,Y,Y,N
534,PN ,T,BBB,DPT,N,N,N,N,Y,Y,N,N,Y,N,N
535,PN ,T,CCC,CNT,Y,N,Y,Y,Y,Y,Y,Y,N,Y,Y
536,PN ,T,DDD,DPT,N,N,Y,Y,Y,Y,N,N,Y,Y,Y
537,PN ,T,BBB,CNT,N,Y,Y,N,N,Y,Y,N,N,N,N
538,PN ,T,DDD,CNT,Y,Y,N,N,Y,N,N,N,N,N,N
539,PN ,T,BBB,DPT,Y,Y,Y,N,N,Y,Y,Y,Y,Y,Y
540,PN ,T,BBB,CNT,Y,Y,N,N,N,Y,N,N,Y,N,Y
541,PN ,T,EEE,DPT,Y,Y,Y,Y,N,Y,N,N,Y,N,Y
542,PN ,T,DDD,CNT,N,Y,Y,Y,N,Y,N,Y,Y,Y,Y
543,PN ,T,AAA,CNT,N,Y,N,Y,N,Y,Y,Y,Y,N,Y
544,PN ,T,BBB,DPT,N,N,Y,Y,N,Y,N,N,Y,Y,Y
545,PN ,T,AAA,DPT,Y,Y,Y,Y,N,Y,N,Y,N,N,N
546,PN ,T,EEE,CNT,N,Y,Y,Y,Y,Y,N,Y,Y,Y,N
547,PN ,T,CCC,DPT,Y,Y,Y,Y,Y,Y,Y,N,Y,Y,N
548,PN ,T,CCC,CNT,N,N,N,Y,Y,Y,N,Y,Y,Y,N
549,PN ,T,DDD,CNT,N,Y,N,N,Y,Y,Y,N,N,Y,N
550,PN ,T,EEE,CNT,N,Y,N,N,N,Y,N,Y,N,Y,N
551,PN ,T,DDD,CNT,Y,N,N,Y,N,Y,Y,Y,Y,N,Y
552,PN ,T,AAA,CNT,Y,Y,Y,N,Y,Y,Y,Y,N,Y,N
553,PN ,T,DDD,DPT,N,N,Y,Y,Y,Y,N,Y,N,N,Y
554,PN ,T,DDD,CNT,N,N,Y,N,N,Y,N,Y,N,N,Y
555,PN ,T,EEE,CNT,Y,Y,N,Y,Y,Y,Y,Y,Y,N,Y
556,PN ,T,EEE,CNT,N,Y,N,N,N,N,N,N,N,N,Y
557,PN ,T,DDD,DPT,N,N,N,Y,Y,Y,Y,Y,N,Y,Y
558,PN ,T,DDD,CNT,Y,Y,N,Y,Y,Y,N,N,Y,N,N
559,PN ,T,EEE,DPT,N,Y,Y,Y,N,Y,Y,N,N,Y,N
560,PN ,T,AAA,CNT,Y,N,Y,N,N,Y,Y,N,N,Y,Y
561,PN ,T,CCC,DPT,N,N,Y,N,N,Y,Y,N,Y,Y,Y
562,PN ,T,EEE,CNT,Y,Y,N,Y,Y,Y,Y,N,N,N,Y
563,PN ,T,CCC,CNT,N,N,Y,Y,N,Y,Y,Y,N,N,N
564,PN ,T,AAA,DPT,N,N,Y,N,Y,Y,Y,Y,N,N,Y
565,PN ,T,CCC,CNT,Y,N,N,N,Y,Y,N,Y,Y,N,N
566,PN ,T,EEE,DPT,N,N,Y,N,Y,Y,Y,N,Y,Y,Y
567,PN ,T,DDD,CNT,N,Y,Y,N,N,Y,N,N,Y,N,Y
568,PN ,T,DDD,CNT,Y,Y,N,N,Y,Y,Y,Y,Y,Y,N
569,PN ,T,CCC,DPT,Y,N,Y,N,Y,N,N,N,N,Y,Y
570,PN ,T,BBB,CNT,N,Y,N,N,Y,Y,Y,N,Y,N,N
571,PN ,T,EEE,CNT,N,Y,N,N,Y,Y,Y,Y,N,N,Y
572,PN ,T,CCC,DPT,N,Y,N,N,Y,Y,Y,N,Y,Y,N
573,PN ,T,EEE,CNT,Y,Y,N,N,N,Y,N,Y,N,Y,Y
574,PN ,T,CCC,DPT,Y,Y,N,Y,Y,N,N,N,N,N,Y
575,PN ,T,BBB,CNT,N,N,N,Y,N,N,N,N,N,Y,Y
576,PN ,T,BBB,DPT,Y,N,N,N,Y,Y,Y,N,Y,N,Y
577,PN ,T,AAA,CNT,Y,Y,N,N,N,Y,N,Y,N,Y,N
578,PN ,T,BBB,DPT,N,Y,Y,N,N,Y,Y,Y,Y,Y,Y
579,PN ,T,CCC,DPT,N,N,N,N,Y,Y,Y,Y,Y,Y,Y
580,PN ,T,EEE,CNT,Y,N,Y,Y,Y,Y,Y,N,N,N,N
581,PN ,T,AAA,CNT,Y,Y,Y,Y,Y,Y,N,Y,N,Y,N
582,PN ,T,BBB,CNT,N,N,N,Y,Y,Y,Y,Y,N,Y,Y
583,ORG,T,EEE,CNT,Y,N,N,Y,Y,Y,N,Y,N,N,Y
584,PN ,T,CCC,DPT,N,Y,Y,N,Y,Y,N,N,Y,Y,N
585,ORG,T,EEE,CNT,Y,N,N,N,Y,Y,N,Y,N,Y,N
586,PN ,T,DDD,CNT,Y,N,Y,N,Y,Y,Y,Y,N,N,N
587,PN ,T,DDD,CNT,Y,N,Y,Y,Y,N,N,N,N,Y,Y
588,PN ,T,BBB,CNT,Y,N,N,N,Y,Y,N,N,Y,N,N
589,PN ,T,BBB,CNT,Y,N,Y,N,Y,Y,Y,Y,Y,N,Y
590,PN ,T,BBB,DPT,Y,N,Y,N,N,Y,N,Y,N,N,N
591,PN ,T,CCC,CNT,N,N,Y,N,N,Y,N,Y,N,N,Y
592,PN ,T,DDD,CNT,Y,N,N,Y,N,Y,N,N,Y,N,Y
593,PN ,T,EEE,CNT,N,N,N,Y,N,Y,Y,N,Y,Y,N
594,PN ,T,DDD,DPT,N,Y,Y,N,N,Y,Y,Y,N,N,Y
595,ORG,T,BBB,CNT,Y,Y,N,N,N,Y,N,Y,N,Y,Y
596,PN ,T,DDD,DPT,N,Y,N,N,Y,Y,Y,Y,Y,Y,N
597,PN ,T,EEE,CNT,N,Y,N,N,N,Y,Y,N,N,N,Y
598,PN ,T,CCC,CNT,N,N,N,Y,N,Y,Y,Y,N,N,Y
599,PN ,T,BBB,DPT,N,Y,Y,N,Y,Y,N,N,Y,N,N
600,PN ,T,DDD,CNT,N,Y,Y,Y,Y,Y,Y,Y,Y,Y,N
601,PN ,T,AAA,CNT,N,Y,Y,N,Y,Y,Y,N,Y,Y,Y
602,PN ,T,EEE,CNT,N,Y,N,Y,Y,Y,Y,N,N,Y,N
603,PN ,T,DDD,DPT,Y,Y,N,N,N,N,N,N,N,Y,N
604,PN ,T,DDD,CNT,Y,N,N,Y,Y,Y,N,Y,Y,Y,Y
605,PN ,T,EEE,DPT,Y,N,Y,N,Y,N,N,N,N,Y,N
606,PN ,T,AAA,DPT,Y,Y,N,N,Y,Y,Y,Y,Y,Y,Y
607,PN ,T,CCC,CNT,N,N,Y,Y,N,Y,N,Y,N,N,N
608,PN ,T,BBB,CNT,N,N,N,N,Y,Y,Y,N,N,Y,Y
609,PN ,T,DDD,DPT,N,Y,Y,N,Y,Y,Y,N,Y,Y,Y
610,PN ,T,BBB,CNT,Y,Y,Y,N,N,Y,Y,Y,N,Y,N
611,PN ,T,CCC,DPT,N,N,Y,N,Y,Y,Y,Y,Y,N,N
612,PN ,T,DDD,DPT,N,Y,N,N,Y,Y,N,N,Y,N,N
613,PN ,T,AAA,DPT,N,N,Y,Y,N,Y,N,Y,Y,N,Y
614,PN ,T,DDD,DPT,N,N,N,Y,N,N,N,N,N,Y,N
615,PN ,T,EEE,CNT,Y,N,N,N,Y,Y,N,Y,N,Y,N
616,PN ,T,EEE,CNT,N,N,Y,Y,N,Y,N,N,Y,Y,N
617,PN ,T,CCC,DPT,Y,N,Y,Y,Y,Y,Y,Y,Y,N,N
618,PN ,T,EEE,DPT,Y,N,N,N,Y,N,N,N,N,N,Y
619,PN ,T,EEE,DPT,Y,Y,Y,Y,Y,Y,N,Y,Y,Y,N
620,PN ,T,CCC,CNT,N,N,N,Y,Y,Y,N,Y,N,Y,N
621,PN ,T,EEE,DPT,Y,Y,N,N,N,Y,Y,Y,N,Y,N
622,PN ,T,BBB,DPT,Y,N,N,Y,N,Y,N,Y,N,N,Y
623,PN ,T,EEE,DPT,Y,N,N,Y,Y,Y,N,Y,N,N,N
624,PN ,T,AAA,CNT,Y,N,Y,Y,Y,Y,N,Y,Y,N,Y
625,ORG,T,BBB,CNT,N,N,Y,Y,Y,Y,Y,Y,N,Y,N
626,PN ,T,BBB,CNT,Y,N,Y,Y,Y,Y,Y,Y,N,Y,Y
627,PN ,T,EEE,DPT,Y,Y,Y,N,N,Y,N,N,Y,N,N
628,PN ,T,EEE,CNT,Y,N,Y,Y,Y,Y,Y,N,N,Y,N
629,PN ,T,EEE,DPT,Y,N,N,N,N,Y,Y,N,N,N,Y
630,PN ,T,EEE,CNT,Y,N,N,Y,N,Y,Y,N,N,Y,Y
631,PN ,T,BBB,DPT,N,N,N,N,Y,Y,Y,Y,N,Y,N
632,PN ,T,BBB,DPT,N,Y,Y,Y,Y,Y,Y,N,Y,N,Y
633,PN ,T,AAA,DPT,N,Y,N,Y,N,Y,N,Y,Y,N,N
634,PN ,T,AAA,DPT,Y,Y,Y,N,N,Y,N,Y,N,Y,N
635,PN ,T,CCC,DPT,Y,N,N,Y,N,Y,N,N,Y,Y,Y
636,PN ,T,EEE,DPT,Y,Y,N,Y,Y,Y,N,N,Y,N,N
637,PN ,T,BBB,CNT,Y,N,N,N,Y,Y,Y,Y,Y,N,N
638,PN ,T,AAA,DPT,N,Y,Y,N,N,Y,Y,N,N,Y,N
639,PN ,T,DDD,DPT,Y,Y,N,N,N,Y,N,N,Y,Y,N
640,PN ,T,EEE,CNT,Y,N,N,N,Y,Y,Y,N,N,N,N
641,ORG,T,BBB,DPT,N,Y,N,N,N,N,N,N,N,Y,Y
642,PN ,T,DDD,CNT,Y,Y,N,N,N,Y,N,Y,Y,Y,Y
643,PN ,T,AAA,CNT,Y,N,N,Y,N,Y,Y,N,Y,N,N
644,PN ,T,BBB,CNT,Y,N,N,Y,N,Y,Y,N,Y,N,Y
645,PN ,T,CCC,CNT,Y,Y,Y,N,Y,N,N,N,N,N,N
646,PN ,T,DDD,DPT,N,N,Y,N,Y,Y,N,Y,N,Y,N
647,PN ,T,CCC,DPT,N,N,N,Y,Y,Y,N,Y,Y,Y,Y
648,PN ,T,EEE,DPT,Y,N,Y,Y,N,Y,N,Y,N,N,N
649,PN ,T,CCC,DPT,N,N,N,N,Y,Y,Y,Y,N,N,Y
650,PN ,T,AAA,DPT,Y,Y,N,N,N,Y,N,Y,Y,Y,Y
651,PN ,T,CCC,CNT,Y,Y,N,Y,Y,Y,N,Y,N,N,N
652,PN ,T,EEE,CNT,N,Y,N,Y,N,Y,Y,N,Y,Y,Y
653,PN ,T,BBB,DPT,Y,N,Y,N,N,Y,N,Y,Y,Y,Y
654,PN ,T,CCC,CNT,Y,N,Y,Y,N,Y,Y,Y,Y,N,N
655,PN ,T,BBB,DPT,N,N,N,Y,Y,N,N,N,N,Y,Y
656,PN ,T,DDD,DPT,Y,N,Y,N,Y,Y,N,Y,Y,N,N
657,PN ,T,CCC,DPT,Y,N,N,Y,Y,Y,N,Y,N,N,Y
658,PN ,T,EEE,DPT,N,Y,Y,Y,Y,Y,N,N,Y,Y,Y
659,PN ,T,EEE,CNT,Y,N,N,Y,N,N,N,N,N,Y,N
660,ORG,T,BBB,CNT,Y,N,Y,Y,Y,Y,N,Y,Y,Y,Y
661,PN ,T,CCC,CNT,Y,N,Y,Y,N,Y,Y,Y,Y,Y,Y
662,PN ,T,CCC,CNT,N,Y,Y,N,Y,Y,Y,N,N,Y,Y
663,PN ,T,DDD,DPT,N,Y,N,N,Y,Y,Y,Y,Y,N,Y
664,ORG,T,AAA,CNT,Y,N,N,Y,N,Y,N,N,Y,N,Y
665,PN ,T,DDD,CNT,Y,Y,Y,Y,Y,Y,Y,N,Y,Y,Y
666,PN ,T,EEE,DPT,Y,Y,Y,N,N,Y,Y,Y,Y,N,N
667,PN ,T,AAA,CNT,Y,Y,Y,Y,Y,Y,Y,N,N,N,Y
668,PN ,T,BBB,DPT,N,Y,Y,N,Y,Y,Y,N,Y,N,N
669,PN ,T,AAA,CNT,Y,N,Y,N,Y,Y,Y,Y,Y,Y,N
670,PN ,T,AAA,DPT,N,Y,Y,N,N,Y,Y,Y,N,Y,Y
671,PN ,T,BBB,DPT,Y,N,Y,Y,Y,Y,Y,Y,Y,N,N
672,PN ,T,EEE,CNT,N,Y,Y,Y,N,Y,N,Y,N,Y,Y
673,PN ,T,AAA,CNT,Y,Y,N,N,N,N,N,N,N,N,Y
674,PN ,T,AAA,DPT,N,N,N,N,N,Y,N,Y,Y,N,Y
675,PN ,T,DDD,CNT,Y,N,Y,Y,N,N,N,N,N,Y,N
676,PN ,T,CCC,DPT,N,Y,Y,Y,Y,Y,N,Y,N,N,Y
677,PN ,T,BBB,DPT,Y,Y,N,N,Y,Y,Y,Y,Y,N,Y
678,PN ,T,CCC,CNT,N,N,Y,Y,Y,Y,Y,Y,N,Y,Y
679,PN ,T,EEE,CNT,N,Y,Y,Y,Y,Y,Y,Y,N,Y,Y
680,PN ,T,EEE,DPT,Y,Y,N,N,Y,Y,Y,N,N,Y,N
681,PN ,T,DDD,CNT,N,N,Y,Y,Y,Y,N,Y,N,N,Y
682,PN ,T,DDD,CNT,Y,N,Y,Y,Y,Y,Y,Y,Y,N,N
683,PN ,T,CCC,DPT,N,Y,N,N,N,Y,Y,N,N,Y,N
684,PN ,T,CCC,CNT,Y,N,Y,Y,N,Y,Y,Y,N,N,Y
685,PN ,T,EEE,DPT,N,N,N,Y,N,Y,N,Y,Y,N,Y
686,PN ,T,AAA,DPT,N,Y,Y,N,N,Y,Y,Y,Y,N,N
687,PN ,T,AAA,DPT,Y,Y,Y,N,N,Y,Y,Y,N,N,Y
688,PN ,T,EEE,DPT,N,N,Y,N,N,Y,Y,Y,N,Y,N
689,PN ,T,EEE,CNT,N,N,Y,Y,N,Y,Y,Y,Y,Y,Y
690,PN ,T,CCC,DPT,N,N,N,Y,N,Y,Y,Y,Y,Y,N
691,PN ,T,DDD,CNT,N,Y,Y,N,Y,Y,Y,Y,Y,Y,Y
692,PN ,T,CCC,CNT,N,Y,N,N,N,Y,Y,N,Y,N,Y
693,PN ,T,EEE,CNT,Y,Y,Y,Y,Y,Y,Y,N,N,N,Y
694,PN ,T,CCC,DPT,Y,Y,N,Y,N,Y,N,Y,Y,N,N
695,ORG,T,BBB,DPT,Y,Y,N,N,Y,Y,Y,Y,N,Y,N
696,PN ,T,BBB,DPT,N,Y,N,Y,N,Y,N,Y,N,Y,N
697,PN ,T,BBB,CNT,Y,Y,Y,Y,Y,Y,Y,Y,Y,Y,N
698,PN ,T,EEE,DPT,Y,Y,Y,Y,N,Y,Y,Y,N,N,N
699,PN ,T,BBB,CNT,Y,N,N,Y,N,Y,Y,Y,Y,N,N
700,PN ,T,AAA,DPT,N,N,N,Y,Y,Y,Y,N,N,Y,Y
701,PN ,T,EEE,CNT,Y,Y,Y,Y,Y,Y,Y,N,Y,N,Y
702,PN ,T,EEE,CNT,Y,N,N,N,Y,Y,N,N,Y,N,N
703,PN ,T,DDD,CNT,Y,Y,N,N,Y,Y,Y,N,Y,Y,N
704,PN ,T,EEE,CNT,Y,Y,Y,N,N,Y,Y,N,Y,N,Y
705,PN ,T,BBB,DPT,Y,N,N,N,Y,Y,Y,N,N,Y,N
706,PN ,T,BBB,CNT,Y,Y,N,Y,N,Y,Y,Y,N,Y,Y
707,PN ,T,DDD,CNT,N,N,N,N,N,N,N,N,N,N,N
708,PN ,T,AAA,CNT,Y,N,Y,Y,N,Y,Y,N,N,N,Y
709,PN ,T,DDD,CNT,N,N,Y,N,N,Y,Y,N,N,Y,N
710,PN ,T,AAA,DPT,N,N,N,N,Y,Y,Y,N,Y,Y,N
711,PN ,T,DDD,CNT,Y,N,N,N,N,N,N,N,N,Y,Y
712,PN ,T,CCC,DPT,Y,Y,N,Y,N,Y,N,Y,Y,Y,N
713,PN ,T,EEE,CNT,Y,Y,Y,N,N,N,N,N,N,N,Y
714,ORG,T,EEE,DPT,Y,N,Y,N,N,Y,Y,Y,Y,Y,N
715,PN ,T,DDD,DPT,N,N,N,Y,Y,Y,Y,N,Y,N,N
716,PN ,T,DDD,DPT,Y,Y,N,Y,Y,N,N,N,N,N,N
717,PN ,T,BBB,CNT,N,N,N,Y,Y,Y,N,Y,N,Y,N
718,PN ,T,CCC,CNT,Y,N,Y,N,Y,Y,N,Y,Y,N,Y
719,ORG,T,CCC,DPT,N,N,Y,Y,Y,N,N,N,N,Y,Y
720,PN ,T,AAA,DPT,Y,N,N,N,N,Y,Y,N,Y,Y,Y
721,PN ,T,AAA,DPT,N,Y,N,N,Y,Y,Y,Y,N,N,Y
722,PN ,T,DDD,DPT,Y,Y,N,Y,Y,Y,N,Y,N,N,N
723,PN ,T,BBB,DPT,N,Y,N,N,N,Y,Y,Y,Y,N,Y
724,PN ,T,CCC,CNT,Y,Y,N,N,N,Y,Y,Y,Y,N,N
725,ORG,T,CCC,CNT,N,N,N,Y,Y,Y,N,Y,Y,Y,Y
726,PN ,T,CCC,DPT,N,N,Y,Y,Y,Y,N,N,Y,Y,N
727,PN ,T,EEE,CNT,N,Y,Y,Y,N,Y,N,Y,N,N,N
728,PN ,T,AAA,DPT,N,Y,N,N,N,Y,N,N,Y,Y,Y
729,PN ,T,AAA,DPT,Y,N,Y,Y,Y,Y,N,Y,Y,N,N
730,PN ,T,CCC,DPT,Y,Y,Y,Y,N,Y,N,Y,N,Y,N
731,PN ,T,DDD,DPT,Y,Y,N,Y,N,Y,N,Y,N,Y,N
732,PN ,T,CCC,DPT,Y,N,N,Y,N,Y,Y,Y,N,N,N
733,ORG,T,DDD,CNT,N,N,N,Y,N,Y,Y,Y,Y,N,Y
734,ORG,T,EEE,DPT,N,N,Y,Y,N,Y,N,Y,N,Y,N
735,PN ,T,CCC,CNT,N,Y,Y,Y,N,Y,Y,Y,N,Y,Y
736,ORG,T,DDD,CNT,N,N,N,Y,N,Y,Y,Y,Y,Y,N
737,PN ,T,CCC,CNT,N,Y,N,N,Y,Y,Y,N,Y,N,Y
738,PN ,T,AAA,DPT,Y,Y,Y,Y,N,Y,Y,N,Y,N,Y
739,PN ,T,BBB,DPT,Y,Y,N,Y,Y,Y,Y,N,Y,Y,Y
740,PN ,T,AAA,CNT,N,Y,N,N,Y,Y,Y,N,Y,Y,Y
741,PN ,T,BBB,CNT,Y,N,Y,Y,Y,Y,Y,Y,Y,Y,Y
742,PN ,T,EEE,CNT,Y,Y,Y,Y,N,Y,N,Y,N,Y,Y
743,PN ,T,AAA,DPT,Y,Y,Y,N,Y,Y,Y,N,N,Y,N
744,PN ,T,DDD,CNT,Y,N,N,N,Y,Y,N,Y,Y,N,Y
745,PN ,T,DDD,DPT,Y,Y,N,N,Y,Y,Y,N,N,Y,N
746,ORG,T,DDD,DPT,N,Y,Y,Y,Y,N,N,N,N,Y,Y
747,PN ,T,AAA,CNT,N,Y,Y,Y,N,Y,Y,N,Y,N,Y
748,PN ,T,CCC,CNT,N,N,N,Y,N,Y,Y,N,N,Y,Y
749,PN ,T,BBB,CNT,N,N,Y,N,Y,Y,N,N,Y,N,N
750,PN ,T,AAA,DPT,N,Y,N,N,N,Y,Y,N,Y,Y,N
751,ORG,T,BBB,DPT,Y,N,Y,N,Y,Y,Y,N,N,N,N
752,PN ,T,EEE,DPT,N,N,Y,Y,Y,N,N,N,N,N,N
753,PN ,T,EEE,CNT,N,N,Y,N,N,Y,Y,N,N,N,Y
754,PN ,T,BBB,DPT,N,N,Y,N,N,N,N,N,N,N,N
755,PN ,T,AAA,CNT,Y,N,Y,Y,Y,Y,Y,Y,Y,N,N
756,PN ,T,AAA,CNT,Y,Y,N,Y,Y,Y,Y,Y,N,Y,Y
757,PN ,T,DDD,DPT,N,N,Y,N,Y,Y,N,Y,N,N,N
758,PN ,T,EEE,CNT,Y,N,N,N,N,N,N,N,N,Y,N
759,PN ,T,CCC,CNT,Y,N,Y,N,N,Y,N,N,Y,N,N
760,PN ,T,AAA,DPT,N,N,N,N,N,Y,Y,N,Y,N,N
761,ORG,T,DDD,DPT,Y,N,N,Y,N,Y,Y,Y,Y,Y,N
762,PN ,T,CCC,CNT,Y,N,Y,Y,Y,Y,Y,N,Y,N,Y
763,PN ,T,EEE,DPT,Y,N,N,N,N,Y,Y,N,Y,N,Y
764,PN ,T,AAA,CNT,N,N,N,Y,Y,N,N,N,N,N,N
765,PN ,T,DDD,DPT,Y,N,N,Y,Y,Y,N,N,Y,Y,N
766,PN ,T,AAA,DPT,N,Y,Y,N,Y,Y,N,N,Y,Y,N
767,PN ,T,AAA,CNT,Y,N,N,N,Y,Y,N,Y,Y,Y,Y
768,PN ,T,CCC,CNT,N,Y,N,N,Y,Y,N,Y,Y,Y,Y
769,PN ,T,DDD,DPT,Y,Y,Y,Y,Y,Y,Y,Y,N,N,Y
770,PN ,T,EEE,DPT,Y,Y,N,Y,Y,Y,Y,N,Y,N,Y
771,PN ,T,CCC,CNT,N,N,N,N,N,Y,Y,N,N,N,Y
772,PN ,T,BBB,DPT,N,Y,N,N,N,Y,N,Y,N,N,Y
773,PN ,T,CCC,DPT,N,Y,N,N,Y,Y,Y,Y,Y,Y,N
774,PN ,T,AAA,DPT,Y,N,N,Y,Y,Y,Y,Y,N,Y,N
775,ORG,T,BBB,DPT,N,Y,Y,Y,N,Y,Y,Y,Y,Y,N
776,PN ,T,AAA,CNT,Y,Y,Y,Y,Y,Y,N,N,Y,N,N
777,PN ,T,DDD,CNT,Y,Y,Y,N,N,Y,Y,Y,Y,Y,N
778,PN ,T,BBB,CNT,N,Y,N,Y,Y,Y,Y,Y,Y,Y,Y
779,PN ,T,EEE,DPT,Y,Y,Y,Y,Y,N,N,N,N,Y,N
780,PN ,T,AAA,DPT,Y,Y,Y,N,N,Y,N,N,Y,Y,Y
781,PN ,T,EEE,DPT,N,N,Y,N,Y,Y,N,N,Y,Y,Y
782,PN ,T,AAA,CNT,N,N,N,Y,Y,Y,Y,N,N,Y,N
783,PN ,T,DDD,CNT,N,Y,Y,N,Y,Y,N,Y,Y,N,N
784,PN ,T,BBB,CNT,N,Y,Y,N,Y,Y,N,N,Y,Y,N
785,PN ,T,DDD,DPT,N,N,Y,Y,N,N,N,N,N,N,N
786,PN ,T,EEE,CNT,N,Y,N,Y,Y,Y,Y,N,N,Y,Y
787,ORG,T,CCC,CNT,Y,Y,N,Y,Y,N,N,N,N,Y,Y
788,PN ,T,EEE,DPT,Y,Y,Y,Y,N,Y,Y,Y,Y,Y,N
789,ORG,T,AAA,DPT,Y,Y,N,Y,Y,Y,N,Y,Y,Y,N
790,PN ,T,CCC,CNT,N,N,N,N,Y,Y,N,N,Y,N,N
791,PN ,T,CCC,DPT,Y,Y,Y,N,Y,N,N,N,N,N,N
792,PN ,T,AAA,DPT,N,N,Y,Y,N,Y,N,Y,Y,N,N
793,PN ,T,DDD,DPT,N,Y,N,N,N,Y,Y,Y,Y,Y,N
794,PN ,T,CCC,CNT,N,Y,Y,N,N,Y,Y,Y,N,N,N
795,PN ,T,DDD,CNT,N,Y,Y,Y,N,Y,N,Y,N,Y,N
796,PN ,T,DDD,DPT,Y,N,N,Y,N,Y,N,N,Y,Y,Y
797,PN ,T,BBB,CNT,N,Y,Y,Y,Y,Y,Y,N,Y,Y,N
798,PN ,T,EEE,CNT,N,Y,Y,N,Y,Y,N,N,Y,N,Y
799,PN ,T,CCC,DPT,N,Y,Y,N,Y,Y,N,Y,N,N,N
800,PN ,T,EEE,DPT,N,N,N,Y,Y,Y,N,N,Y,Y,N
801,PN ,T,BBB,CNT,N,N,N,N,Y,N,N,N,N,Y,Y
802,ORG,T,AAA,CNT,N,Y,N,Y,Y,Y,Y,Y,Y,Y,Y
803,PN ,T,AAA,CNT,Y,N,N,Y,Y,Y,Y,Y,Y,N,Y
804,PN ,T,AAA,CNT,Y,Y,N,N,N,Y,N,Y,N,N,Y
805,PN ,T,DDD,CNT,N,Y,Y,N,Y,Y,Y,Y,Y,Y,N
806,PN ,T,BBB,CNT,N,Y,N,N,N,Y,N,Y,Y,Y,N
807,PN ,T,CCC,DPT,Y,Y,Y,N,N,Y,Y,Y,Y,N,N
808,PN ,T,EEE,CNT,Y,N,N,Y,Y,N,N,N,N,N,N
809,PN ,T,BBB,CNT,N,N,Y,Y,Y,Y,Y,N,N,N,N
810,PN ,T,EEE,CNT,N,N,Y,N,N,Y,Y,N,N,Y,Y
811,PN ,T,EEE,DPT,Y,Y,N,Y,Y,Y,Y,N,N,N,N
812,PN ,T,DDD,CNT,N,N,Y,Y,Y,Y,Y,Y,Y,Y,N
813,PN ,T,EEE,CNT,Y,N,Y,N,N,Y,N,Y,N,Y,N
814,PN ,T,EEE,DPT,N,N,Y,N,N,N,N,N,N,Y,N
815,PN ,T,DDD,CNT,Y,N,Y,Y,Y,Y,Y,N,N,N,N
816,PN ,T,CCC,DPT,N,Y,Y,Y,Y,N,N,N,N,Y,N
817,ORG,T,CCC,CNT,Y,N,N,N,N,Y,Y,Y,N,Y,Y
818,PN ,T,AAA,DPT,N,N,Y,Y,N,Y,N,Y,Y,Y,Y
819,PN ,T,CCC,DPT,Y,N,N,N,N,N,N,N,N,Y,N
820,PN ,T,AAA,CNT,Y,Y,Y,N,N,Y,Y,N,Y,Y,N
821,ORG,T,EEE,CNT,N,N,Y,Y,N,Y,Y,N,Y,Y,N
822,PN ,T,EEE,DPT,Y,Y,Y,Y,N,Y,Y,Y,Y,N,N
823,PN ,T,DDD,CNT,N,Y,N,N,N,N,N,N,N,N,Y
824,PN ,T,DDD,CNT,Y,Y,Y,N,Y,Y,Y,Y,N,N,N
825,PN ,T,AAA,CNT,N,N,N,Y,N,Y,N,N,Y,N,Y
826,PN ,T,BBB,CNT,N,Y,N,N,N,Y,N,Y,Y,Y,N
827,PN ,T,DDD,CNT,Y,N,N,N,N,Y,N,N,Y,Y,Y
828,PN ,T,CCC,CNT,N,N,Y,Y,N,Y,N,N,Y,N,Y
829,PN ,T,DDD,CNT,Y,N,N,Y,Y,Y,N,Y,N,N,Y
830,PN ,T,EEE,CNT,N,N,N,N,N,N,N,N,N,N,Y
831,PN ,T,DDD,DPT,N,N,N,N,N,Y,Y,Y,Y,N,Y
832,PN ,T,EEE,CNT,Y,Y,N,Y,N,Y,N,Y,N,Y,N
833,ORG,T,CCC,DPT,Y,N,N,N,Y,Y,Y,N,N,N,Y
834,PN ,T,CCC,CNT,N,Y,Y,Y,Y,Y,Y,Y,Y,N,N
835,PN ,T,DDD,DPT,Y,Y,Y,N,N,N,N,N,N,Y,Y
836,PN ,T,DDD,CNT,Y,Y,Y,Y,N,Y,N,Y,N,N,Y
837,PN ,T,EEE,CNT,N,Y,N,Y,N,Y,Y,Y,Y,N,N
838,PN ,T,EEE,CNT,Y,Y,Y,Y,N,N,N,N,N,N,N
839,PN ,T,DDD,CNT,Y,Y,N,Y,N,Y,Y,Y,Y,Y,N
840,ORG,T,DDD,CNT,Y,N,N,N,N,N,N,N,N,Y,Y
841,PN ,T,EEE,DPT,Y,N,Y,Y,Y,Y,Y,N,N,Y,N
842,PN ,T,CCC,CNT,Y,Y,N,N,Y,N,N,N,N,N,N
843,PN ,T,AAA,DPT,Y,Y,N,N,N,Y,Y,N,Y,N,N
844,PN ,T,CCC,CNT,N,Y,Y,N,N,Y,Y,Y,Y,N,N
845,PN ,T,EEE,CNT,Y,Y,Y,N,N,Y,N,Y,Y,N,Y
846,PN ,T,DDD,DPT,Y,Y,N,N,Y,Y,Y,N,Y,Y,Y
847,PN ,T,BBB,CNT,Y,Y,Y,N,Y,Y,N,N,Y,Y,Y
848,PN ,T,CCC,CNT,Y,Y,N,Y,N,Y,Y,N,Y,Y,Y
849,PN ,T,CCC,DPT,N,N,Y,Y,Y,Y,N,Y,Y,N,Y
850,PN ,T,DDD,CNT,Y,Y,N,N,N,Y,Y,Y,N,N,Y
851,PN ,T,BBB,CNT,N,Y,N,N,N,Y,N,N,Y,Y,Y
852,PN ,T,CCC,DPT,N,N,Y,Y,Y,N,N,N,N,Y,Y
853,PN ,T,CCC,CNT,N,N,Y,N,Y,N,N,N,N,N,Y
854,PN ,T,BBB,CNT,N,Y,Y,Y,Y,Y,Y,Y,N,Y,Y
855,PN ,T,CCC,CNT,Y,Y,Y,N,Y,Y,Y,Y,N,N,N
856,PN ,T,BBB,CNT,Y,N,N,Y,N,Y,Y,N,N,Y,N
857,ORG,T,DDD,DPT,N,N,N,N,Y,Y,Y,Y,N,Y,Y
858,PN ,T,CCC,CNT,Y,N,N,N,Y,Y,N,Y,Y,Y,N
859,PN ,T,DDD,CNT,N,Y,Y,N,Y,Y,Y,N,N,N,Y
860,PN ,T,DDD,CNT,N,Y,N,N,Y,Y,N,Y,N,Y,N
861,PN ,T,AAA,CNT,N,Y,N,N,Y,Y,N,Y,Y,N,N
862,PN ,T,DDD,DPT,Y,Y,N,Y,N,Y,Y,Y,N,Y,Y
863,PN ,T,AAA,CNT,N,Y,Y,N,Y,Y,Y,N,N,N,N
864,PN ,T,AAA,CNT,N,Y,N,N,Y,N,N,N,N,Y,N
865,PN ,T,EEE,DPT,N,N,N,N,Y,Y,N,Y,Y,N,N
866,ORG,T,DDD,DPT,N,Y,N,Y,N,Y,Y,N,Y,Y,Y
867,PN ,T,BBB,DPT,N,N,Y,N,N,Y,Y,Y,N,Y,N
868,PN ,T,BBB,DPT,N,Y,Y,Y,N,Y,Y,Y,N,Y,N
869,PN ,T,DDD,DPT,Y,N,Y,Y,N,Y,N,Y,N,N,Y
870,PN ,T,AAA,DPT,N,N,Y,Y,N,Y,Y,Y,Y,N,Y
871,PN ,T,BBB,DPT,N,N,N,N,N,Y,N,Y,N,N,N
872,PN ,T,EEE,DPT,Y,N,N,Y,N,Y,Y,N,Y,Y,Y
873,PN ,T,EEE,DPT,N,N,Y,N,N,N,N,N,N,N,N
874,ORG,T,BBB,CNT,N,N,N,Y,Y,N,N,N,N,N,N
875,PN ,T,CCC,CNT,Y,Y,N,N,N,Y,Y,Y,N,Y,Y
876,ORG,T,BBB,CNT,N,Y,Y,N,Y,Y,N,N,Y,N,N
877,PN ,T,EEE,CNT,Y,N,N,N,N,N,N,N,N,N,N
878,PN ,T,EEE,CNT,Y,Y,N,Y,Y,Y,Y,N,Y,Y,N
879,PN ,T,DDD,CNT,N,Y,Y,Y,Y,Y,N,N,Y,N,Y
880,PN ,T,BBB,DPT,Y,N,N,Y,N,Y,N,N,Y,Y,N
881,PN ,T,EEE,DPT,N,N,N,Y,Y,Y,Y,Y,Y,Y,N
882,PN ,T,AAA,DPT,N,N,N,N,Y,Y,N,Y,Y,N,N
883,PN ,T,CCC,DPT,N,Y,Y,N,Y,N,N,N,N,Y,Y
884,PN ,T,BBB,DPT,Y,Y,Y,Y,N,Y,Y,N,N,Y,N
885,PN ,T,AAA,DPT,Y,N,N,Y,N,Y,N,N,Y,N,N
886,PN ,T,BBB,CNT,Y,N,N,N,Y,Y,Y,N,Y,Y,Y
887,PN ,T,BBB,DPT,Y,N,Y,N,N,Y,N,N,Y,N,Y
888,PN ,T,CCC,CNT,Y,Y,N,N,Y,Y,Y,N,Y,Y,N
889,PN ,T,EEE,CNT,Y,Y,N,N,N,Y,N,Y,Y,N,N
890,PN ,T,DDD,CNT,N,N,Y,Y,N,Y,N,N,Y,N,N
891,PN ,T,AAA,CNT,Y,N,N,Y,N,Y,N,Y,Y,Y,Y
892,PN ,T,CCC,DPT,Y,Y,Y,N,Y,N,N,N,N,N,Y
893,ORG,T,EEE,DPT,N,N,N,N,Y,Y,N,Y,N,N,Y
894,PN ,T,EEE,DPT,Y,Y,N,Y,N,Y,Y,N,N,Y,N
895,PN ,T,EEE,CNT,N,N,Y,N,N,Y,Y,N,Y,N,N
896,PN ,T,EEE,DPT,Y,N,Y,N,N,Y,Y,Y,N,Y,Y
897,PN ,T,CCC,DPT,N,Y,N,Y,Y,Y,N,N,Y,N,Y
898,PN ,T,BBB,DPT,Y,N,N,Y,N,Y,Y,N,N,N,N
899,PN ,T,BBB,CNT,Y,Y,N,Y,Y,Y,Y,N,N,N,N
900,PN ,T,DDD,DPT,Y,Y,N,Y,Y,Y,Y,Y,N,Y,N
901,PN ,T,EEE,CNT,N,N,Y,Y,N,Y,Y,Y,Y,N,N
902,PN ,T,EEE,CNT,Y,Y,N,Y,Y,Y,N,N,Y,N,Y
903,PN ,T,CCC,CNT,Y,Y,Y,N,Y,Y,N,Y,Y,Y,Y
904,PN ,T,CCC,DPT,Y,N,N,N,Y,Y,Y,N,N,N,Y
905,ORG,T,BBB,CNT,N,Y,Y,N,N,Y,Y,Y,Y,Y,N
906,ORG,T,EEE,DPT,Y,Y,Y,Y,N,Y,N,Y,Y,N,Y
907,PN ,T,EEE,DPT,N,N,N,N,N,Y,Y,Y,Y,N,Y
908,PN ,T,BBB,DPT,Y,Y,Y,N,N,Y,Y,N,N,Y,N
909,PN ,T,DDD,DPT,N,Y,Y,Y,Y,N,N,N,N,Y,Y
910,PN ,T,EEE,CNT,Y,N,N,N,Y,N,N,N,N,Y,N
911,PN ,T,CCC,CNT,N,Y,Y,Y,Y,N,N,N,N,Y,Y
912,PN ,T,CCC,CNT,N,Y,Y,Y,Y,Y,Y,Y,Y,Y,Y
913,PN ,T,AAA,DPT,N,Y,Y,N,N,Y,Y,N,N,Y,Y
914,ORG,T,DDD,CNT,N,N,N,N,N,Y,Y,Y,Y,N,Y
915,PN ,T,EEE,CNT,Y,Y,Y,N,Y,Y,N,Y,Y,N,N
916,PN ,T,EEE,DPT,N,Y,N,Y,Y,Y,N,Y,N,N,Y
917,PN ,T,DDD,CNT,Y,Y,Y,N,N,Y,N,Y,N,Y,Y
918,PN ,T,EEE,CNT,Y,N,N,Y,N,Y,Y,N,N,N,N
919,ORG,T,DDD,DPT,N,Y,Y,Y,N,Y,Y,Y,Y,Y,Y
920,PN ,T,DDD,DPT,N,Y,Y,N,N,Y,N,Y,N,Y,N
921,PN ,T,EEE,CNT,Y,N,N,Y,N,Y,N,Y,N,N,Y
922,PN ,T,AAA,DPT,N,N,Y,Y,Y,Y,N,N,Y,N,N
923,PN ,T,AAA,DPT,Y,Y,Y,Y,N,Y,Y,N,Y,N,N
924,PN ,T,BBB,CNT,N,N,N,Y,Y,N,N,N,N,Y,Y
925,PN ,T,AAA,CNT,N,N,Y,Y,N,Y,N,N,Y,Y,N
926,PN ,T,EEE,DPT,Y,Y,N,N,Y,Y,Y,N,Y,N,Y
927,PN ,T,DDD,DPT,Y,N,Y,N,Y,Y,N,N,Y,Y,N
928,PN ,T,BBB,CNT,N,N,N,Y,Y,Y,Y,Y,Y,N,N
929,PN ,T,CCC,DPT,N,N,Y,N,Y,N,N,N,N,Y,N
930,PN ,T,CCC,CNT,N,N,N,N,N,Y,N,Y,N,N,N
931,PN ,T,DDD,CNT,Y,N,N,Y,N,Y,N,Y,N,Y,Y
932,PN ,T,DDD,CNT,N,Y,Y,Y,N,Y,Y,N,Y,Y,N
933,PN ,T,DDD,DPT,N,N,Y,Y,Y,Y,Y,Y,N,Y,Y
934,PN ,T,BBB,DPT,Y,Y,N,Y,N,Y,Y,N,Y,Y,Y
935,ORG,T,DDD,CNT,Y,N,Y,Y,Y,N,N,N,N,Y,Y
936,PN ,T,BBB,DPT,N,N,N,Y,Y,Y,Y,N,N,Y,Y
937,ORG,T,CCC,CNT,N,Y,Y,Y,Y,Y,Y,N,Y,N,N
938,PN ,T,BBB,DPT,Y,Y,N,Y,N,Y,Y,N,N,N,N
939,ORG,T,CCC,CNT,Y,N,Y,N,N,Y,Y,N,N,N,Y
940,PN ,T,EEE,DPT,Y,Y,Y,Y,N,Y,Y,Y,Y,N,Y
941,PN ,T,AAA,DPT,N,N,Y,N,N,Y,N,Y,Y,N,Y
942,PN ,T,CCC,CNT,Y,N,Y,Y,N,N,N,N,N,N,Y
943,PN ,T,AAA,CNT,Y,Y,N,N,N,Y,N,Y,N,N,N
944,PN ,T,EEE,DPT,N,Y,Y,Y,N,Y,N,Y,N,Y,N
945,PN ,T,CCC,CNT,N,N,N,Y,N,Y,N,Y,N,Y,N
946,PN ,T,AAA,CNT,Y,N,N,N,N,N,N,N,N,N,N
947,PN ,T,DDD,CNT,N,N,Y,N,Y,Y,Y,Y,N,Y,N
948,PN ,T,CCC,DPT,N,Y,N,Y,Y,Y,N,Y,N,Y,N
949,PN ,T,BBB,CNT,N,N,N,N,N,N,N,N,N,N,Y
950,ORG,T,BBB,CNT,N,Y,Y,N,N,Y,Y,N,N,N,N
951,PN ,T,CCC,CNT,Y,Y,N,Y,Y,Y,N,Y,Y,Y,N
952,PN ,T,DDD,DPT,Y,N,Y,Y,Y,Y,Y,Y,N,N,N
953,PN ,T,AAA,DPT,N,Y,Y,Y,N,Y,Y,N,N,Y,N
954,PN ,T,AAA,DPT,Y,N,Y,Y,Y,Y,N,Y,N,N,Y
955,PN ,T,BBB,DPT,N,Y,Y,Y,Y,Y,Y,N,N,Y,N
